"Data Source","World Development Indicators",

"Last Updated Date","2026-04-08",

"Country Name","Country Code","Indicator Name","Indicator Code","1960","1961","1962","1963","1964","1965","1966","1967","1968","1969","1970","1971","1972","1973","1974","1975","1976","1977","1978","1979","1980","1981","1982","1983","1984","1985","1986","1987","1988","1989","1990","1991","1992","1993","1994","1995","1996","1997","1998","1999","2000","2001","2002","2003","2004","2005","2006","2007","2008","2009","2010","2011","2012","2013","2014","2015","2016","2017","2018","2019","2020","2021","2022","2023","2024","2025",
"Aruba","ABW","Level of water stress: freshwater withdrawal as a proportion of available freshwater resources","ER.H2O.FWST.ZS","","","","","","","","","","","","","","","","","","","","","","","","","","","","","","","","","","","","","","","","","","","","","","","","","","","","","","","","","","","","","","","","","","",
"Africa Eastern and Southern","AFE","Level of water stress: freshwater withdrawal as a proportion of available freshwater resources","ER.H2O.FWST.ZS","","","","","","","","","","","","","","","","","","","","","","","","","","","","","","","","","","","","","","","","","","","","","","","","","","","","","","","","","","","","","","","","","","",
"Afghanistan","AFG","Level of water stress: freshwater withdrawal as a proportion of available freshwater resources","ER.H2O.FWST.ZS","","","","","","","","","","","","","","","","28.88768898","32.35490911","35.82212923","39.28934935","42.75656947","46.2237896","49.69100972","53.15822984","56.62544996","60.09267009","63.55989021","67.02711033","70.49433045","69.06366582","67.63300118","66.20233654","64.76909672","63.33778829","61.90647986","60.47517143","59.04386299","57.61255456","56.18124613","54.75701944","54.75701944","54.75701944","54.75701944","54.75701944","54.75701944","54.75701944","54.75701944","54.75701944","54.75701944","54.75701944","54.75701944","54.75701944","54.75701944","54.75701944","54.75701944","54.75701944","54.75701944","54.75701944","54.75701944","54.75701944","54.75701944","54.75701944","54.75701944","54.75701944","","","",
"Africa Western and Central","AFW","Level of water stress: freshwater withdrawal as a proportion of available freshwater resources","ER.H2O.FWST.ZS","","","","","","","","","","","","","","","","","","","","","","","","","","","","","","","","","","","","","","","","","","","","","","","","","","","","","","","","","","","","","","","","","","",
"Angola","AGO","Level of water stress: freshwater withdrawal as a proportion of available freshwater resources","ER.H2O.FWST.ZS","","","","","","","","","","","","","","","","","","","","","","","","","","","","1.273209549","1.305937564","1.338665579","1.371393593","1.404121608","1.436849623","1.469577637","1.502305652","1.535033667","1.567761681","1.600489696","1.633217711","1.665945725","1.69867374","1.73331565","1.76795756","1.80259947","1.837241379","1.871883289","1.871883289","1.871883289","1.871883289","1.871883289","1.871883289","1.871883289","1.871883289","1.871883289","1.871883289","1.871883289","1.871883289","1.871883289","1.871883289","1.871883289","1.871883289","1.871883289","1.871883289","","","",
"Albania","ALB","Level of water stress: freshwater withdrawal as a proportion of available freshwater resources","ER.H2O.FWST.ZS","","","","","","","","","","","","","","","","","","","","","","","","","","","","","","","7.211538462","7.162139423","7.112740385","7.063341346","7.013942308","6.964543269","7.780528846","8.596514423","9.4125","10.22848558","11.04447115","10.51959135","9.994711539","9.469831731","8.944951923","8.420072115","7.646754808","7.4984375","7.350120192","7.201802885","7.053485577","6.905168269","6.756850962","6.608533654","6.460216346","5.528846154","6.5625","6.556490385","5.757211539","6.796875","4.723557692","4.783653846","4.789663462","","","",
"Andorra","AND","Level of water stress: freshwater withdrawal as a proportion of available freshwater resources","ER.H2O.FWST.ZS","","","","","","","","","","","","","","","","","","","","","","","","","","","","","","","","","","","","","","","","","","","","","","","","","","","","","","","","","","","","","","","","","","",
"Arab World","ARB","Level of water stress: freshwater withdrawal as a proportion of available freshwater resources","ER.H2O.FWST.ZS","","","","","","","","","","","","","","","","","","","","","","","","","","","","","","","","","","","","","","","","","","","","","","","","","","","","","","","","","","","","","","","","","","",
"United Arab Emirates","ARE","Level of water stress: freshwater withdrawal as a proportion of available freshwater resources","ER.H2O.FWST.ZS","","","","","","","","","","","","","","","","","","","","","600","653.6888889","707.3777778","761.0666667","814.7555556","868.4444444","922.1333333","975.8222222","1029.511111","1083.2","1028.222222","1052.311111","1076.4","1100.488889","1124.577778","1148.666667","1254.813333","1360.96","1467.106667","1573.253333","1555.866667","1527.928889","1499.991111","1472.053333","1669.36","1866.666667","1849.636364","1832.606061","1815.575758","1798.545455","1781.515152","1764.484848","1747.454545","1730.424242","1713.393939","1696.363636","1679.333333","1630","1667.333333","1628.666667","1587.333333","1533.333333","1509.933333","","","",
"Argentina","ARG","Level of water stress: freshwater withdrawal as a proportion of available freshwater resources","ER.H2O.FWST.ZS","","","","","","","","","","","","","","","","","7.657307735","7.671607509","7.685907283","7.700207057","7.714506831","7.728806605","7.743106379","7.757406153","7.771705927","7.786005701","7.800305475","7.814605249","7.828905023","7.843204797","7.857453463","7.871804344","7.886104118","7.900403892","7.914703666","7.92900344","8.028183609","8.127363778","8.226543946","8.325724115","8.424904284","8.609566843","8.794229401","8.97889196","9.163554519","9.348217078","9.532879637","9.717542196","9.902204755","10.08686731","10.27152987","10.45666408","10.45666408","10.45666408","10.45666408","10.45666408","10.45666408","10.45666408","10.45666408","10.45666408","10.45666408","10.45666408","10.45666408","","","",
"Armenia","ARM","Level of water stress: freshwater withdrawal as a proportion of available freshwater resources","ER.H2O.FWST.ZS","","","","","","","","","","","","","","","","","","","","","","","","","","","","","","","","","","64.51482752","60.17752673","51.05910833","45.93504136","37.32096026","40.22594311","39.66108533","37.74460359","34.81944725","34.96066169","39.86282025","50.49425055","55.90074642","57.03046197","60.762558","57.95844261","49.70748437","42.90901755","49.18297357","59.33024006","59.61266895","57.69618721","65.98749243","64.17187815","57.89792213","54.75085737","57.79705467","57.09098245","59.85475086","61.97296752","","","",
"American Samoa","ASM","Level of water stress: freshwater withdrawal as a proportion of available freshwater resources","ER.H2O.FWST.ZS","","","","","","","","","","","","","","","","","","","","","","","","","","","","","","","","","","","","","","","","","","","","","","","","","","","","","","","","","","","","","","","","","","",
"Antigua and Barbuda","ATG","Level of water stress: freshwater withdrawal as a proportion of available freshwater resources","ER.H2O.FWST.ZS","","","","","","","","","","","","","","","","","","","","","","","","","","","","","","","3.269230769","3.705128205","4.141025641","4.576923077","5.012820513","5.448717949","5.884615385","6.320512821","6.756410256","7.192307692","7.628205128","8.064102564","8.5","8.935897436","9.371794872","9.807692308","9.615384615","9.423076923","9.230769231","9.038461539","8.846153846","8.653846154","8.461538462","8.461538462","8.461538462","8.461538462","8.461538462","8.461538462","8.461538462","8.461538462","8.461538462","8.461538462","8.461538462","","","",
"Australia","AUS","Level of water stress: freshwater withdrawal as a proportion of available freshwater resources","ER.H2O.FWST.ZS","","","","","","","","","","","","","","","","","","","","","","","","","","","","","","","","","","7.458866104","8.488218737","7.981584238","8.910414154","8.817129071","8.774507439","8.731885806","8.70898271","8.658624849","8.37708082","8.095536791","7.813992762","7.532448733","7.059368717","6.586288701","6.113208685","5.640128669","5.297547246","5.313630881","6.380377965","7.699236027","7.42380378","3.707277845","4.271411339","4.84866963","4.957780458","4.246079614","3.369521512","4.44712505","4.672295939","","","",
"Austria","AUT","Level of water stress: freshwater withdrawal as a proportion of available freshwater resources","ER.H2O.FWST.ZS","","","","","","","","","","","","","","","","","","","","","9.229068804","9.360044211","9.491019619","9.621995026","9.752970434","9.883945841","10.0099475","10.13594916","10.26195082","10.38795247","10.51395413","10.31610942","10.11826471","9.920420006","9.722575297","9.524730589","9.794142028","10.06355347","10.0967118","10.12987013","10.0469743","9.966841669","9.883945841","9.853896104","9.823846366","9.793796629","9.763746891","9.733697154","9.703647416","9.673597679","9.643547941","9.536090387","9.428632833","9.321175279","9.213717724","9.10626017","8.998802616","8.891345062","8.783887507","8.676429953","8.676429953","8.676429953","8.676429953","","","",
"Azerbaijan","AZE","Level of water stress: freshwater withdrawal as a proportion of available freshwater resources","ER.H2O.FWST.ZS","","","","","","","","","","","","","","","","","","","","","","","","","","","","","","","","","71.54780305","72.14837713","64.61912122","61.69132259","59.42592184","55.27931111","45.19761537","52.85051888","48.5316847","43.81982778","43.80216383","46.44733937","49.34864208","52.10863325","53.62773239","53.36718923","50.91631707","49.19408258","48.44336498","49.88297637","52.88143078","52.96533451","51.19010819","51.61845882","52.45308015","53.52174873","53.72930007","55.59726209","53.88862884","57.26588651","57.52704791","","","",
"Burundi","BDI","Level of water stress: freshwater withdrawal as a proportion of available freshwater resources","ER.H2O.FWST.ZS","","","","","","","","","","","","","","","","","","","","","","","","","","","","3.639010189","4.165267047","4.691523906","5.217780764","5.744037622","6.27029448","6.796551338","7.322808196","7.849065054","8.375321912","8.901578771","9.427835629","9.954092487","10.48034935","10.42285298","10.36535662","10.30786026","10.2503639","10.19286754","10.19286754","10.19286754","10.19286754","10.19286754","10.19286754","10.19286754","10.19286754","10.19286754","10.19286754","10.19286754","10.19286754","10.19286754","10.19286754","10.19286754","10.19286754","10.19286754","10.19286754","","","",
"Belgium","BEL","Level of water stress: freshwater withdrawal as a proportion of available freshwater resources","ER.H2O.FWST.ZS","","","","","","","","","","","","","","","","","","","","","110.9398034","110.3014742","109.663145","109.0248157","108.3864865","107.7481572","107.109828","106.4714988","105.8331695","105.1948403","104.5565111","103.9181818","103.2798526","102.6415233","102.0031941","101.3648649","97.91830467","94.47174447","93.83947584","93.20720721","92.54422604","87.64619165","82.74815725","81.31654382","79.88493038","78.45331695","77.39987715","76.34643735","75.29484029","73.73464373","73.13267813","62.43243243","65.11056511","59.32432432","55.97051597","49.06633907","51.5115519","53.95676474","51.28992629","51.58476658","52.16983616","52.82574225","52.82574225","","","",
"Benin","BEN","Level of water stress: freshwater withdrawal as a proportion of available freshwater resources","ER.H2O.FWST.ZS","","","","","","","","","","","","","","","","","","","","","","","","","","0.825206302","0.861346587","0.897486872","0.933627157","0.969767442","1.005907727","1.04219805","1.078488372","1.114778695","1.151069017","1.125951131","1.100833244","1.075715357","1.050597471","1.025479584","1.000361698","0.975243811","0.975243811","0.975243811","0.975243811","0.975243811","0.975243811","0.975243811","0.975243811","0.975243811","0.975243811","0.975243811","0.975243811","0.975243811","0.975243811","0.975243811","0.975243811","0.975243811","0.975243811","0.975243811","0.975243811","0.975243811","0.975243811","","","",
"Burkina Faso","BFA","Level of water stress: freshwater withdrawal as a proportion of available freshwater resources","ER.H2O.FWST.ZS","","","","","","","","","","","","","","","","","","","","","","","","","","2.772466539","2.889866157","3.007265774","3.124665392","3.24206501","3.359464627","3.477055449","3.594646272","3.778627576","3.96260888","4.146590185","4.330571489","4.514552794","5.544933078","5.86998088","6.195028681","6.520076482","6.845124283","7.170172084","7.495219885","7.820267686","7.820267686","7.820267686","7.820267686","7.820267686","7.820267686","7.820267686","7.820267686","7.820267686","7.820267686","7.820267686","7.820267686","7.820267686","7.820267686","7.820267686","7.820267686","7.820267686","7.820267686","","","",
"Bangladesh","BGD","Level of water stress: freshwater withdrawal as a proportion of available freshwater resources","ER.H2O.FWST.ZS","","","","","","","","","","","","","","","","","","","","","","","","","","","","","","","","","","","","","","","","","","","","","","","","","5.723339482","5.723339482","5.723339482","5.723339482","5.723339482","5.723339482","5.723339482","5.723339482","5.723339482","5.723339482","5.723339482","5.723339482","5.723339482","5.723339482","5.723339482","","","",
"Bulgaria","BGR","Level of water stress: freshwater withdrawal as a proportion of available freshwater resources","ER.H2O.FWST.ZS","","","","","","","","","","","","","","","","","","","","","104.8118856","104.6788381","104.5457905","104.412743","104.2796955","104.1466479","100.2255402","96.30443245","92.38332471","88.46221697","56.3505556","55.24872496","54.14689433","53.04506369","51.94323305","50.84140242","49.73957178","48.63774115","47.53591051","46.43407988","45.33003178","43.11774706","48.70056915","48.12861261","47.55665607","46.98469953","46.412743","45.84078646","47.4905758","45.23837682","44.05351467","47.19491463","42.23963338","40.41688225","39.73686156","41.60987508","42.05041023","41.82127282","40.09904649","40.0768719","36.72850913","38.52465075","40.23530092","","","",
"Bahrain","BHR","Level of water stress: freshwater withdrawal as a proportion of available freshwater resources","ER.H2O.FWST.ZS","","","","","","","","","","","","","","","","","","","","","","","","","","","","","","","168.0172414","170.9217507","179.109748","187.8348806","196.5600133","205.2851459","214.0102785","222.7354111","231.4605438","240.1856764","248.910809","234.7623784","220.6139478","205.7758621","201.1050157","196.4341693","191.7633229","187.0924765","182.4216301","177.7507837","173.0799373","168.4090909","163.7382445","159.0673981","154.3965517","137.1551724","133.7068966","133.7068966","133.7068966","133.7068966","133.7068966","133.7068966","133.7068966","","","",
"Bahamas, The","BHS","Level of water stress: freshwater withdrawal as a proportion of available freshwater resources","ER.H2O.FWST.ZS","","","","","","","","","","","","","","","","","","","","","","","","","","","","","","","","","","","","","","","","","","","","","","","","","","","","","","","","","","","","","","","","","","",
"Bosnia and Herzegovina","BIH","Level of water stress: freshwater withdrawal as a proportion of available freshwater resources","ER.H2O.FWST.ZS","","","","","","","","","","","","","","","","","","","","","","","","","","","","","","","","","","","","","","","","","2.468791501","2.480743692","2.493359894","2.505976096","2.516600266","2.514608234","2.525896414","2.586985392","2.602257636","2.854581673","2.891102258","2.812749004","2.906374502","2.8937583","2.738379814","2.778884462","2.786188579","2.662018592","2.071713147","2.028552457","2.000531209","2.03187251","2.071713147","","","",
"Belarus","BLR","Level of water stress: freshwater withdrawal as a proportion of available freshwater resources","ER.H2O.FWST.ZS","","","","","","","","","","","","","","","","","","","","","","","","","","","","","","","","","","","","6.526038233","6.431773237","6.33750824","6.243243243","6.148978247","6.05471325","5.968358603","5.882003955","5.795649308","5.709294661","5.622940013","5.51878708","5.414634146","5.310481213","5.20632828","5.102175346","5.064820919","5.027466491","4.990112063","5.177982861","4.772577456","4.782465392","4.614370468","4.581410679","4.475939354","4.377059987","4.696769941","4.660514173","","","",
"Belize","BLZ","Level of water stress: freshwater withdrawal as a proportion of available freshwater resources","ER.H2O.FWST.ZS","","","","","","","","","","","","","","","","","","","","","","","","","","","","0.249563264","0.28810959","0.326655916","0.365202242","0.403748568","0.442294894","0.48084122","0.601505744","0.722170268","0.829795111","0.937419955","1.045044798","1.152669641","1.260294485","1.260294485","1.260294485","1.260294485","1.260294485","1.260294485","1.260294485","1.260294485","1.260294485","1.260294485","1.260294485","1.260294485","1.260294485","1.260294485","1.260294485","1.260294485","1.260294485","1.260294485","1.260294485","1.260294485","1.260294485","1.260294485","1.260294485","","","",
"Bermuda","BMU","Level of water stress: freshwater withdrawal as a proportion of available freshwater resources","ER.H2O.FWST.ZS","","","","","","","","","","","","","","","","","","","","","","","","","","","","","","","","","","","","","","","","","","","","","","","","","","","","","","","","","","","","","","","","","","",
"Bolivia","BOL","Level of water stress: freshwater withdrawal as a proportion of available freshwater resources","ER.H2O.FWST.ZS","","","","","","","","","","","","","","","","","","","","","","","","","","","","0.698985344","0.732486933","0.765988521","0.79949011","0.832991698","0.866493287","0.899994876","0.933496464","0.966998053","1.000499641","1.03400123","1.067502819","1.101004407","1.109499732","1.117995058","1.126490383","1.134985708","1.143481034","1.151976359","1.160471684","1.168967009","1.177001127","1.177001127","1.183554927","1.190108726","1.196662525","1.203216325","1.209770124","1.216323923","1.222877723","1.229431522","1.235985321","1.242539121","0.207365543","0.202979589","0.202979589","","","",
"Brazil","BRA","Level of water stress: freshwater withdrawal as a proportion of available freshwater resources","ER.H2O.FWST.ZS","","","","","","","","","","","","","","","","","","","","","","","","","","","","1.656737589","1.760703966","1.864670344","1.968636722","2.0726031","2.177620173","2.28179669","2.385973207","2.490149724","2.592434988","2.607754137","2.623073286","2.638392435","2.652955083","2.668085106","2.68321513","2.698345154","2.713475177","2.728605201","2.743735225","2.941843972","3.139527187","3.337393617","3.535260047","3.419178487","3.303096927","3.187015366","3.074326241","3.019385343","3.135224586","3.105437352","1.464112726","1.484808454","1.47688177","1.481946279","1.495816821","","","",
"Barbados","BRB","Level of water stress: freshwater withdrawal as a proportion of available freshwater resources","ER.H2O.FWST.ZS","","","37.5","39.375","41.25","43.125","45","46.875","48.75","50.625","52.5","54.375","56.25","58.125","60","61.875","63.75","65.625","67.5","69.375","71.25","73.125","75","76.875","78.75","80.625","82.5","84.375","86.25","88.125","90","91.875","93.75","95.625","97.5","99.375","101.25","101.25","101.25","101.25","101.25","101.25","101.25","101.25","101.25","87.5","87.5","87.5","87.5","87.5","87.5","87.5","87.5","87.5","87.5","87.5","87.5","87.5","87.5","87.5","87.5","87.5","87.5","","","",
"Brunei Darussalam","BRN","Level of water stress: freshwater withdrawal as a proportion of available freshwater resources","ER.H2O.FWST.ZS","","","","","","","","","","","","","","","","","","","","","","","","","","","","","","","","2.86360211","3.064556644","3.265511178","3.466465712","3.466465712","3.466465712","3.466465712","3.466465712","3.466465712","3.466465712","3.466465712","3.466465712","3.466465712","3.466465712","3.466465712","3.466465712","3.466465712","3.466465712","3.466465712","3.466465712","3.466465712","3.466465712","3.466465712","3.466465712","3.466465712","3.466465712","3.466465712","3.466465712","3.466465712","3.466465712","3.466465712","3.466465712","","","",
"Bhutan","BTN","Level of water stress: freshwater withdrawal as a proportion of available freshwater resources","ER.H2O.FWST.ZS","","","","","","","","","","","","","","","","","","","","","","","","","","","","","","","","","","","","","","","","","","","","","","","","","1.413807531","1.413807531","1.413807531","1.413807531","1.413807531","1.413807531","1.413807531","1.413807531","1.413807531","1.413807531","1.413807531","1.413807531","1.413807531","1.413807531","1.413807531","","","",
"Botswana","BWA","Level of water stress: freshwater withdrawal as a proportion of available freshwater resources","ER.H2O.FWST.ZS","","","","","","","","","","","","","","","","","","","","","","","","","","0.941127261","0.975426122","1.009724982","1.044023842","1.078322702","1.112621562","1.147129562","1.181637561","1.28760152","1.393565478","1.499529436","1.605353968","1.711178501","1.817003033","1.922827565","2.028652097","2.031694124","2.034736152","2.037778179","2.040820207","2.043862234","2.046904262","2.049946289","2.052988317","2.056030344","2.059072372","2.062114399","2.032834885","1.998849733","1.964864582","1.964864582","2.104987975","2.018195127","2.133221792","2.112307853","2.305004706","2.442973032","2.230009819","","","",
"Central African Republic","CAF","Level of water stress: freshwater withdrawal as a proportion of available freshwater resources","ER.H2O.FWST.ZS","","","","","","","","","","","","","","","","","","","","","","","","","","","","0.089814815","0.106481482","0.123148148","0.139814815","0.156481482","0.173148148","0.189814815","0.206481482","0.223148148","0.239814815","0.256481482","0.273148148","0.289814815","0.306481482","0.312314815","0.318148148","0.323981482","0.329814815","0.335648148","0.335648148","0.335648148","0.335648148","0.335648148","0.335648148","0.335648148","0.335648148","0.335648148","0.335648148","0.335648148","0.335648148","0.335648148","0.335648148","0.335648148","0.335648148","0.335648148","0.335648148","","","",
"Canada","CAN","Level of water stress: freshwater withdrawal as a proportion of available freshwater resources","ER.H2O.FWST.ZS","","","","","","","","","","","","","","","","","","","","","","","","","","","4.346035015","4.405581874","4.465128733","4.524675592","4.584222451","4.64376931","4.584449022","4.525128733","4.465808445","4.406488157","4.347167868","4.338800674","4.33043348","4.322066286","4.313699092","4.305331898","4.296964704","4.28859751","4.280230316","4.271863121","4.263495927","4.255128733","4.125365603","3.995602472","3.830962925","3.666323378","3.752832132","3.839340886","3.759526262","3.679711638","3.706642637","3.733573635","3.733573635","3.733573635","3.733573635","3.720700309","3.720700309","","","",
"Central Europe and the Baltics","CEB","Level of water stress: freshwater withdrawal as a proportion of available freshwater resources","ER.H2O.FWST.ZS","","","","","","","","","","","","","","","","","","","","","","","","","","","","","","","","","","","","","","","","","","","","","","","","","","","","","","","","","","","","","","","","","","",
"Switzerland","CHE","Level of water stress: freshwater withdrawal as a proportion of available freshwater resources","ER.H2O.FWST.ZS","","","","","","","","","","","","","","","","9.908466819","9.901601831","9.894736842","9.887871854","9.881006865","9.874141876","9.917620137","9.961098398","10.00457666","10.04805492","10.09153318","10.11823036","10.14492754","10.17162471","10.19832189","10.22501907","10.25171625","10.27841342","10.17398932","10.06956522","9.965141114","9.86071701","9.756292906","9.725705568","9.69511823","9.664530892","9.633943555","9.603356217","9.407513349","9.211670481","9.015827613","8.819984745","8.624141876","8.428299008","8.23245614","8.036613272","7.840770404","7.627765065","6.559877956","6.498855835","6.506167048","6.498855835","6.498855835","6.498855835","6.498855835","6.498855835","6.498855835","6.498855835","","","",
"Channel Islands","CHI","Level of water stress: freshwater withdrawal as a proportion of available freshwater resources","ER.H2O.FWST.ZS","","","","","","","","","","","","","","","","","","","","","","","","","","","","","","","","","","","","","","","","","","","","","","","","","","","","","","","","","","","","","","","","","","",
"Chile","CHL","Level of water stress: freshwater withdrawal as a proportion of available freshwater resources","ER.H2O.FWST.ZS","","","","","","","","","","","","","","","","","","","","","","","","","","","","","","","","","5.151665989","5.426256748","5.700949092","5.975590643","6.250232194","6.524873745","6.799515296","7.074156847","7.348798398","7.622176489","7.89555458","8.159974169","8.433345911","8.706717653","8.980089395","8.982121089","8.982121089","8.982121089","8.982121089","8.982121089","8.982121089","8.982121089","8.982121089","8.982121089","8.982121089","8.982121089","8.982121089","8.982121089","8.982121089","8.982121089","8.982121089","","","",
"China","CHN","Level of water stress: freshwater withdrawal as a proportion of available freshwater resources","ER.H2O.FWST.ZS","","","","","","","","","","","","","","","","","","","","","32.40531105","33.01752092","33.6297308","34.24194067","34.85415054","35.13387184","35.4105257","35.68717956","35.96383342","36.24048728","36.51714115","37.13549807","37.75385499","38.37221192","38.63826537","38.90431883","39.17037229","39.43642574","39.7024792","39.96853266","40.23458611","40.28132806","40.32807","40.37481194","40.42155388","40.46829582","41.48347234","41.53459634","42.07505003","42.59359343","42.85870788","43.45539796","43.73292824","44.02506537","43.33854311","43.22168826","44.11416719","43.54449979","43.30275631","43.2121938","41.5185288","41.5185288","41.5185288","","","",
"Cote d'Ivoire","CIV","Level of water stress: freshwater withdrawal as a proportion of available freshwater resources","ER.H2O.FWST.ZS","","","","","","","","","","","","","","","","","","","","","","","","","","","","3.104203152","3.674839463","4.245475774","4.816112084","4.960595447","5.105078809","5.249562172","5.394045534","5.523058961","5.652072388","5.781085814","5.910099241","6.039112668","6.168126095","6.291068301","6.414010508","6.536952715","6.659894921","6.782837128","6.594473633","6.401537264","6.210887332","6.023667056","5.83644678","5.649226503","5.464292664","5.275929169","5.087565674","5.087565674","5.087565674","5.087565674","5.087565674","5.087565674","5.087565674","5.087565674","5.087565674","","","",
"Cameroon","CMR","Level of water stress: freshwater withdrawal as a proportion of available freshwater resources","ER.H2O.FWST.ZS","","","","","","","","","","","","","","","","","","","","","","","","","","","","0.567741936","0.568888889","0.570035842","0.571182796","0.572329749","0.573476703","0.674982079","0.776487455","0.877992832","0.979498208","1.081003584","1.182508961","1.284014337","1.385519713","1.420501792","1.455483871","1.49046595","1.525448029","1.560430108","1.560430108","1.560430108","1.560430108","1.560430108","1.560430108","1.560430108","1.560430108","1.560430108","1.560430108","1.560430108","1.560430108","1.560430108","1.560430108","1.560430108","1.560430108","1.560430108","1.560430108","","","",
"Congo, Dem. Rep.","COD","Level of water stress: freshwater withdrawal as a proportion of available freshwater resources","ER.H2O.FWST.ZS","","","","","","","","","","","","","","","","","","","","","","","","","","","","","","","","","","","","0.158015267","0.165184202","0.172353136","0.179522071","0.186691006","0.19385994","0.200464653","0.207069366","0.213674079","0.220278792","0.226883505","0.226883505","0.226883505","0.226883505","0.226883505","0.226883505","0.226883505","0.226883505","0.226883505","0.226883505","0.226883505","0.226883505","0.226883505","0.226883505","0.226883505","0.226883505","0.226883505","0.226883505","","","",
"Congo, Rep.","COG","Level of water stress: freshwater withdrawal as a proportion of available freshwater resources","ER.H2O.FWST.ZS","","","","","","","","","","","","","","","","","","","","","","","","","","","","0.023866348","0.024105012","0.024343675","0.024582339","0.024821002","0.025059666","0.025298329","0.025536993","0.025775656","0.02601432","0.026252983","0.026491647","0.02673031","0.026968974","0.027207637","0.027446301","0.027446301","0.027446301","0.027446301","0.027446301","0.027446301","0.027446301","0.027446301","0.027446301","0.027446301","0.027446301","0.027446301","0.027446301","0.027446301","0.027446301","0.027446301","0.027446301","0.027446301","0.027446301","0.027446301","0.027446301","","","",
"Colombia","COL","Level of water stress: freshwater withdrawal as a proportion of available freshwater resources","ER.H2O.FWST.ZS","","","","","","","","","","","","","","","","","","","","","","","","","","","","","","","","","","","","","","","","","1.159580838","1.23488024","1.310067365","1.385310629","1.460553892","1.535797156","1.611040419","1.686283683","1.761976048","2.13333982","2.505751497","2.609832335","2.652199102","2.775103293","2.848212575","2.957020958","3.002875749","3.154613773","3.204803892","3.272073353","3.392555389","3.52426497","3.632281437","","","",
"Comoros","COM","Level of water stress: freshwater withdrawal as a proportion of available freshwater resources","ER.H2O.FWST.ZS","","","","","","","","","","","","","","","","","","","","","","","","","","","","","","","","","","","","","","","","0.833333333","0.833333333","0.833333333","0.833333333","0.833333333","0.833333333","0.833333333","0.833333333","0.833333333","0.833333333","0.833333333","0.833333333","0.833333333","0.833333333","0.833333333","0.833333333","0.833333333","0.833333333","0.833333333","0.833333333","0.833333333","0.833333333","0.833333333","0.833333333","","","",
"Cabo Verde","CPV","Level of water stress: freshwater withdrawal as a proportion of available freshwater resources","ER.H2O.FWST.ZS","","","","","","","","","","","","","","","","","","","","","","","","","","","","","","","","","","","","","","","","","","7.183333333","8.534208704","9.885084074","11.23595944","13.60403437","15.9721093","18.34018422","20.70825915","23.07633407","25.444409","27.81248393","30.18055885","32.54863378","34.9167087","37.28478363","39.65285856","42.02093348","44.38900841","48.95751","68.94373667","57.17750667","59.68371","","","",
"Costa Rica","CRI","Level of water stress: freshwater withdrawal as a proportion of available freshwater resources","ER.H2O.FWST.ZS","","","","","","","","","","","","","","","","","","","","","","","","","","","","","","","","","","","","","","","","","","","","","","","","","","","","","3.990308874","4.208397611","4.682064846","5.450542662","4.987559727","4.163822526","5.211023891","5.355170649","5.351672355","5.881962457","5.881962457","","","",
"Caribbean small states","CSS","Level of water stress: freshwater withdrawal as a proportion of available freshwater resources","ER.H2O.FWST.ZS","","","","","","","","","","","","","","","","","","","","","","","","","","","","","","","","","","","","","","","","","","","","","","","","","","","","","","","","","","","","","","","","","","",
"Cuba","CUB","Level of water stress: freshwater withdrawal as a proportion of available freshwater resources","ER.H2O.FWST.ZS","","","","","","","","","","","","","","","","","","","","","","","","","","","","","","","","","","","","17.92878032","17.94620991","17.96363949","17.98106908","17.99849866","18.01592825","18.03198161","18.04941119","18.06684078","18.08427037","18.10169995","18.11912954","16.98365732","19.7414416","20.83743334","20.70858421","21.78622627","22.86386834","23.93944607","23.93944607","23.93944607","23.93944607","23.93944607","23.93944607","23.93944607","23.93944607","23.93944607","23.93944607","","","",
"Curacao","CUW","Level of water stress: freshwater withdrawal as a proportion of available freshwater resources","ER.H2O.FWST.ZS","","","","","","","","","","","","","","","","","","","","","","","","","","","","","","","","","","","","","","","","","","","","","","","","","","","","","","","","","","","","","","","","","","",
"Cayman Islands","CYM","Level of water stress: freshwater withdrawal as a proportion of available freshwater resources","ER.H2O.FWST.ZS","","","","","","","","","","","","","","","","","","","","","","","","","","","","","","","","","","","","","","","","","","","","","","","","","","","","","","","","","","","","","","","","","","",
"Cyprus","CYP","Level of water stress: freshwater withdrawal as a proportion of available freshwater resources","ER.H2O.FWST.ZS","","","","","","","","","","","","","","","","21.18644068","21.78786222","22.38928376","22.9907053","23.59212685","24.19354839","24.82230727","25.45106616","26.07982504","26.70858393","27.33734281","27.96610169","28.75888464","29.46965555","30.18042646","30.48113723","29.79770366","29.11427009","28.43083652","27.51308287","26.59532922","25.67757557","24.75982192","23.84206827","22.92431461","22.00656096","20.49519644","23.33242209","23.15199563","22.97156916","22.7911427","22.61071624","22.43028978","21.93821761","25.1913614","27.46036085","30.18042646","34.8961181","28.26681247","29.66101695","31.71131766","29.79770366","29.52433024","28.29414981","27.61071624","31.57463095","32.1213778","30.48113723","","","",
"Czechia","CZE","Level of water stress: freshwater withdrawal as a proportion of available freshwater resources","ER.H2O.FWST.ZS","","","","","","","","","","","","","","","","","","","","","","","","","","","","","","","","","","23.06007605","21.96045627","20.8608365","19.90760456","37.90298054","36.12560827","34.34823601","32.57086375","30.79349148","29.01611922","29.20316302","29.39020681","29.57725061","29.7642944","29.9513382","30.23114355","29.60766423","29.66849148","28.69525547","27.986618","25.09580292","25.09124088","24.38260341","24.86009732","24.78710462","24.17883212","22.90145985","20.77250608","20.51399027","21.97384428","","","",
"Germany","DEU","Level of water stress: freshwater withdrawal as a proportion of available freshwater resources","ER.H2O.FWST.ZS","","","","","","","","","","","","","","","","","","","","","","","","","","","","","","","","63.42105263","68.46009772","67.89958742","67.43410502","66.9282979","65.46759276","64.94345236","62.78335495","62.18558642","61.52313388","61.30187089","60.9343188","58.86223136","56.94478618","55.28720532","54.45761239","44.2091557","53.2747341","54.396875","45.21792763","49.92160362","46.1172437","34.71217105","42.91131031","40.89008361","33.50191886","38.03235197","36.8984841","35.35165707","35.35165707","35.35165707","35.35165707","","","",
"Djibouti","DJI","Level of water stress: freshwater withdrawal as a proportion of available freshwater resources","ER.H2O.FWST.ZS","","","","","","","","","","","","","","","","","","","","","","","","","","2.666666667","2.911111111","3.155555556","3.4","3.644444444","3.888888889","4.133333333","4.377777778","4.622222222","4.833333333","5.111111111","5.355555556","5.6","5.811111111","6.088888889","6.333333333","6.333333333","6.333333333","6.333333333","6.333333333","6.333333333","6.333333333","6.333333333","6.333333333","6.333333333","6.333333333","6.333333333","6.333333333","6.333333333","6.333333333","6.333333333","6.333333333","6.333333333","6.333333333","6.333333333","6.333333333","6.333333333","6.333333333","","","",
"Dominica","DMA","Level of water stress: freshwater withdrawal as a proportion of available freshwater resources","ER.H2O.FWST.ZS","","","","","","","","","","","","","","","","","","","","","","","","","","","","","","","","","","","","","8.3","8.3","8.3","8.3","8.3","8.3","8.3","8.3","8.3","8.583333333","8.866666667","9.15","9.433333333","9.716666667","10","10","10","10","10","10","10","10","10","10","10","10","10","","","",
"Denmark","DNK","Level of water stress: freshwater withdrawal as a proportion of available freshwater resources","ER.H2O.FWST.ZS","","","","","","","","","","","19.46998378","22.09302326","24.71606274","27.33910222","29.9621417","32.58518118","32.58518118","32.58518118","32.58518118","32.58518118","32.58518118","35.28934559","37.99351001","40.69767442","43.40183883","46.10600325","41.14836849","36.19073373","31.23309897","33.16797287","35.10284677","33.6325413","32.16223583","30.69193036","29.22162489","27.75131943","26.28101396","24.81070849","23.38236885","21.95402921","20.52568956","19.09734992","17.66901028","17.45087435","17.23273842","17.01460249","16.01676582","15.01892915","18.82098432","17.83937263","21.87398594","23.40995133","19.69983775","27.28501893","26.74959438","21.95240671","23.98580314","24.22385073","29.90310979","25.57041644","25.61592753","25.93739859","25.26636019","","","",
"Dominican Republic","DOM","Level of water stress: freshwater withdrawal as a proportion of available freshwater resources","ER.H2O.FWST.ZS","","","","","","","","","","","","","","","","","","","","","","","","","","","","","","","","","","","","","","","","","26.96187098","27.61139437","28.26091776","28.91044114","29.55996453","30.20948792","32.07825316","33.9470184","35.81578364","37.68454888","39.55331412","39.55331412","39.55331412","39.55331412","39.55331412","39.55331412","39.55331412","39.55331412","39.55331412","39.55331412","39.55331412","39.55331412","39.55331412","","","",
"Algeria","DZA","Level of water stress: freshwater withdrawal as a proportion of available freshwater resources","ER.H2O.FWST.ZS","","","","","","","","","","","28.14126917","29.54833263","30.95539609","32.36245955","33.76952301","35.17658646","36.58364992","37.99071338","39.39777684","40.8048403","42.21190376","43.61896722","45.02603067","46.43309413","47.84015759","49.24722105","52.06134797","54.87547488","57.6896018","60.50372872","62.41733502","64.1017179","65.78610077","67.47048365","69.15486652","70.8392494","72.52363227","74.20801515","75.89239802","77.57678089","79.26116377","81.71052014","85.03737246","87.52280082","90.00822919","92.49365755","94.97908592","97.46451429","99.94994265","102.435371","104.9207994","107.4062277","109.7509498","115.1634539","120.575958","125.9884621","129.8719572","137.9203602","141.7991651","145.6779701","149.556775","140.5937808","144.8149712","","","",
"East Asia & Pacific (excluding high income)","EAP","Level of water stress: freshwater withdrawal as a proportion of available freshwater resources","ER.H2O.FWST.ZS","","","","","","","","","","","","","","","","","","","","","","","","","","","","","","","","","","","","","","","","","","","","","","","","","","","","","","","","","","","","","","","","","","",
"Early-demographic dividend","EAR","Level of water stress: freshwater withdrawal as a proportion of available freshwater resources","ER.H2O.FWST.ZS","","","","","","","","","","","","","","","","","","","","","","","","","","","","","","","","","","","","","","","","","","","","","","","","","","","","","","","","","","","","","","","","","","",
"East Asia & Pacific","EAS","Level of water stress: freshwater withdrawal as a proportion of available freshwater resources","ER.H2O.FWST.ZS","","","","","","","","","","","","","","","","","","","","","","","","","","","","","","","","","","","","","","","","","","","","","","","","","","","","","","","","","","","","","","","","","","",
"Europe & Central Asia (excluding high income)","ECA","Level of water stress: freshwater withdrawal as a proportion of available freshwater resources","ER.H2O.FWST.ZS","","","","","","","","","","","","","","","","","","","","","","","","","","","","","","","","","","","","","","","","","","","","","","","","","","","","","","","","","","","","","","","","","","",
"Europe & Central Asia","ECS","Level of water stress: freshwater withdrawal as a proportion of available freshwater resources","ER.H2O.FWST.ZS","","","","","","","","","","","","","","","","","","","","","","","","","","","","","","","","","","","","","","","","","","","","","","","","","","","","","","","","","","","","","","","","","","",
"Ecuador","ECU","Level of water stress: freshwater withdrawal as a proportion of available freshwater resources","ER.H2O.FWST.ZS","","","","","","","","","","","","","","","","","","","","","","","","","","","","","","","","","","","","","","","","","6.406497948","6.481668947","6.556839945","6.632010944","6.707181943","6.782352941","6.782352941","6.782352941","6.782352941","6.782352941","6.782352941","6.782352941","6.782352941","6.782352941","6.782352941","6.782352941","6.782352941","6.782352941","6.782352941","6.782352941","6.782352941","6.782352941","6.782352941","","","",
"Egypt, Arab Rep.","EGY","Level of water stress: freshwater withdrawal as a proportion of available freshwater resources","ER.H2O.FWST.ZS","","","","","","","","","","","","","","","","87.79599271","88.49423194","89.19247116","89.89071038","90.58894961","91.28718883","91.98542805","92.68366727","93.3819065","94.08014572","94.77838494","95.47662417","96.17486339","96.87310261","97.57134183","98.22404372","98.92228294","99.62052216","99.95446266","103.2391361","106.5238095","109.8128545","113.1018996","116.3909446","119.6799896","103.8797814","106.9344262","109.989071","113.0437158","116.0983607","119.1530055","122.2076503","125.2622951","128.3169399","131.3715847","134.4262295","130.5100182","131.6939891","132.9690346","110.564663","110.9289617","110.4735883","141.1657559","141.1657559","141.1657559","141.1657559","141.1657559","141.1657559","","","",
"Euro area","EMU","Level of water stress: freshwater withdrawal as a proportion of available freshwater resources","ER.H2O.FWST.ZS","","","","","","","","","","","","","","","","","","","","","","","","","","","","","","","","","","","","","","","","","","","","","","","","","","","","","","","","","","","","","","","","","","",
"Eritrea","ERI","Level of water stress: freshwater withdrawal as a proportion of available freshwater resources","ER.H2O.FWST.ZS","","","","","","","","","","","","","","","","","","","","","","","","","","","","","","","","","","","","","","","","","7.937788018","8.747119816","9.556451613","10.36578341","11.17511521","11.17511521","11.17511521","11.17511521","11.17511521","11.17511521","11.17511521","11.17511521","11.17511521","11.17511521","11.17511521","11.17511521","11.17511521","11.17511521","11.17511521","11.17511521","11.17511521","11.17511521","11.17511521","","","",
"Spain","ESP","Level of water stress: freshwater withdrawal as a proportion of available freshwater resources","ER.H2O.FWST.ZS","","","","","","","","","","","","","","","","49.18882072","50.23585549","51.28289025","52.32992502","53.37695978","54.42399455","55.87730061","57.33060668","58.78391275","60.23721881","61.69052488","62.51124744","60.04308112","57.57491479","55.10674847","52.63858214","50.17041581","49.64780732","49.12519882","48.60259032","48.07998182","47.55737332","47.03476483","47.76414451","48.4935242","49.22290389","48.81526926","48.40763463","49.28470802","50.16178141","51.03885481","49.36128153","47.68370825","47.40831629","49.24335378","47.73142468","47.81186094","49.57873211","44.10361282","44.79754601","42.96387185","42.56441718","41.02794819","40.09406953","39.82890252","43.25403923","43.25403923","43.25403923","","","",
"Estonia","EST","Level of water stress: freshwater withdrawal as a proportion of available freshwater resources","ER.H2O.FWST.ZS","","","","","","","","","","","","","","","","","","","","","","","","","","","","","","","","","28.46320346","23.87445887","19.28571429","14.6969697","14.78262214","14.86827458","14.95392703","15.03957947","15.12523191","15.21088435","15.2965368","16.20670996","17.11688312","18.02705628","18.93722944","19.8474026","17.35930736","14.91341991","19.93506494","20.28138528","17.65151515","18.91774892","18.61471861","17.4820632","18.95454545","19.31709957","17.40844156","10.89231602","9.231085498","10.81980133","13.04628519","","","",
"Ethiopia","ETH","Level of water stress: freshwater withdrawal as a proportion of available freshwater resources","ER.H2O.FWST.ZS","","","","","","","","","","","","","","","","","","","","","","","","","","","","","","","","","","","","","","","","","","","16.9969419","19.34464832","21.69235474","24.04006116","24.78707256","25.53514039","26.28268001","27.02810676","27.77511815","28.52212955","29.26914095","30.01615235","30.76316375","31.51017515","32.26299694","32.25718654","32.25718654","32.25718654","32.25718654","32.25718654","32.25718654","","","",
"European Union","EUU","Level of water stress: freshwater withdrawal as a proportion of available freshwater resources","ER.H2O.FWST.ZS","","","","","","","","","","","","","","","","","","","","","","","","","","","","","","","","","","","","","","","","","","","","","","","","","","","","","","","","","","","","","","","","","","",
"Fragile and conflict affected situations","FCS","Level of water stress: freshwater withdrawal as a proportion of available freshwater resources","ER.H2O.FWST.ZS","","","","","","","","","","","","","","","","","","","","","","","","","","","","","","","","","","","","","","","","","","","","","","","","","","","","","","","","","","","","","","","","","","",
"Finland","FIN","Level of water stress: freshwater withdrawal as a proportion of available freshwater resources","ER.H2O.FWST.ZS","","","","","","","","","","","7.825468342","7.944036045","8.062603747","8.181171449","8.299739151","8.418306853","8.489447475","8.560588096","8.631728717","8.702869338","8.77400996","8.916291202","9.058572445","9.200853688","9.34313493","9.485416173","8.69196111","7.898506047","7.105050984","6.311595921","5.518140858","5.640976998","5.763813137","5.886649277","6.009485416","6.132321556","5.979191368","5.826061181","5.672930994","5.519800806","6.9612453","8.402689793","9.844134286","11.27330702","12.70247976","14.1316525","15.56082523","14.55015414","13.53948304","12.52881195","11.51814086","10.50746977","9.496798672","8.486127579","7.475456486","6.464785393","5.454114299","5.454114299","6.639791321","7.11406213","7.11406213","7.11406213","7.11406213","","","",
"Fiji","FJI","Level of water stress: freshwater withdrawal as a proportion of available freshwater resources","ER.H2O.FWST.ZS","","","","","","","","","","","","","","","","","","","","","","","","","","","","0.105078809","0.119008487","0.132938165","0.146867843","0.160797521","0.174727199","0.188656877","0.202586555","0.216516233","0.230445911","0.244375589","0.258305267","0.272234945","0.286164624","0.288406305","0.290647986","0.292889667","0.295131349","0.29737303","0.29737303","0.29737303","0.29737303","0.29737303","0.29737303","0.29737303","0.29737303","0.29737303","0.29737303","0.29737303","0.29737303","0.29737303","0.29737303","0.29737303","0.29737303","0.29737303","0.29737303","","","",
"France","FRA","Level of water stress: freshwater withdrawal as a proportion of available freshwater resources","ER.H2O.FWST.ZS","","","","","","","","","","","","","","","","","","","","","27.10671452","27.79287403","28.47903353","29.16519303","29.85135253","30.53751204","31.02740086","31.51728968","32.0071785","32.49706732","32.98695614","33.66015933","34.33336251","32.77720389","31.22104526","29.66488663","28.108728","26.55256938","27.24357291","27.93457644","28.62557997","28.47456885","28.32355773","28.6427967","28.96203566","29.28127462","28.20625055","27.13122647","25.08973124","24.92366279","25.01794625","26.39061543","24.56710146","23.77396481","23.89652456","24.61349908","23.14278211","23.58924976","23.56904868","22.94676191","21.59813707","21.38462716","21.38462716","","","",
"Faroe Islands","FRO","Level of water stress: freshwater withdrawal as a proportion of available freshwater resources","ER.H2O.FWST.ZS","","","","","","","","","","","","","","","","","","","","","","","","","","","","","","","","","","","","","","","","","","","","","","","","","","","","","","","","","","","","","","","","","","",
"Micronesia, Fed. Sts.","FSM","Level of water stress: freshwater withdrawal as a proportion of available freshwater resources","ER.H2O.FWST.ZS","","","","","","","","","","","","","","","","","","","","","","","","","","","","","","","","","","","","","","","","","","","","","","","","","","","","","","","","","","","","","","","","","","",
"Gabon","GAB","Level of water stress: freshwater withdrawal as a proportion of available freshwater resources","ER.H2O.FWST.ZS","","","","","","","","","","","","","","","","","","","","","","","","","","","","0.216606498","0.233351847","0.250097195","0.266842544","0.283587892","0.300333241","0.317078589","0.333823938","0.350569286","0.367314635","0.384059983","0.400805332","0.41755068","0.434296029","0.447870036","0.461444043","0.475018051","0.488592058","0.502166065","0.502166065","0.502166065","0.502166065","0.502166065","0.502166065","0.502166065","0.502166065","0.502166065","0.502166065","0.502166065","0.502166065","0.502166065","0.502166065","0.502166065","0.502166065","0.502166065","0.502166065","","","",
"United Kingdom","GBR","Level of water stress: freshwater withdrawal as a proportion of available freshwater resources","ER.H2O.FWST.ZS","","","","","","","","","","","","","","","","","","","","","22.98380222","22.3086104","21.63341858","20.95822677","20.28303495","19.60784314","19.78516624","19.96248934","20.13981245","20.31713555","20.49445865","20.51832907","20.54219949","20.56606991","20.58994032","20.61381074","20.74815159","20.88249244","21.01683329","21.15117415","21.285515","21.41985585","21.5541967","21.68853755","21.8228784","21.95721925","22.0915601","14.51491901","14.23188406","14.11935209","14.09036658","13.10315431","13.66922421","13.04518329","12.42114237","13.91304348","14.35464621","14.35464621","14.35464621","14.35464621","14.35464621","14.35464621","14.35464621","","","",
"Georgia","GEO","Level of water stress: freshwater withdrawal as a proportion of available freshwater resources","ER.H2O.FWST.ZS","","","","","","","","","","","","","","","","","","","","","","","","","","","","","","","","","10.285038","9.779348534","9.273659066","8.767969598","8.26228013","7.756590662","7.250901194","6.745211726","6.239522258","6.172725299","6.105928339","6.039131379","5.972334419","5.905537459","5.916395223","5.927252986","5.938110749","5.842487785","5.746864821","5.651241857","5.555618893","5.459995928","5.364372964","5.26875","5.173127036","4.477296417","4.205602606","5.120977199","5.386710098","5.240977199","4.212964169","","","",
"Ghana","GHA","Level of water stress: freshwater withdrawal as a proportion of available freshwater resources","ER.H2O.FWST.ZS","","","","","","","","","","","1.307759372","1.406858471","1.505957571","1.60505667","1.704155769","1.803254868","1.902353967","2.001453066","2.100552165","2.199651264","2.298750363","2.397849462","2.496948562","2.596047661","2.69514676","2.794245859","2.893344958","2.992444057","3.091543156","3.190642255","3.289741354","3.388840453","3.487939553","3.587038652","3.686137751","3.78523685","3.884335949","3.983435048","4.082534147","4.181633246","4.280732345","4.398975589","4.517218832","4.635462075","4.753705318","4.871948562","4.990191805","5.108435048","5.226678291","5.344921534","5.463164778","5.594485615","5.734524847","5.830972101","5.932650392","6.27059721","6.314734089","6.314734089","6.314734089","6.314734089","6.314734089","6.314734089","6.314734089","","","",
"Gibraltar","GIB","Level of water stress: freshwater withdrawal as a proportion of available freshwater resources","ER.H2O.FWST.ZS","","","","","","","","","","","","","","","","","","","","","","","","","","","","","","","","","","","","","","","","","","","","","","","","","","","","","","","","","","","","","","","","","","",
"Guinea","GIN","Level of water stress: freshwater withdrawal as a proportion of available freshwater resources","ER.H2O.FWST.ZS","","","","","","","","","","","","","","","","","","","","","","","","","","","","1.138461539","1.119289941","1.100118343","1.080946746","1.061775148","1.04260355","1.023431953","1.004260355","0.985088757","0.96591716","0.946745562","0.927573965","0.908402367","0.889230769","0.856923077","0.863461539","0.87","0.876538462","0.883076923","0.920473373","0.957869823","0.995266272","1.032662722","1.070059172","1.107455621","1.144852071","1.182248521","1.21964497","1.25704142","1.29443787","1.33183432","1.369230769","1.369230769","1.369230769","1.369230769","1.369230769","","","",
"Gambia, The","GMB","Level of water stress: freshwater withdrawal as a proportion of available freshwater resources","ER.H2O.FWST.ZS","","","","","","","","","","","","","","","","","","","","","","","0.434971727","0.52164624","0.608320753","0.694995267","0.78166978","0.868344293","0.955018806","1.041693319","1.128367833","1.215042346","1.301716859","1.388391372","1.475065885","1.561740399","1.648414912","1.735089425","1.821763938","1.908438452","1.968247064","2.016528926","2.064810787","2.113092649","2.161374511","2.209656372","2.209656372","2.209656372","2.209656372","2.209656372","2.209656372","2.209656372","2.209656372","2.209656372","2.209656372","2.209656372","2.209656372","2.209656372","2.209656372","2.209656372","2.209656372","2.209656372","2.209656372","","","",
"Guinea-Bissau","GNB","Level of water stress: freshwater withdrawal as a proportion of available freshwater resources","ER.H2O.FWST.ZS","","","","","","","","","","","","","","","","","","","","","","","","","","","","","","","","0.141880342","0.412649573","0.683418803","0.954188034","1.224957265","1.495726496","1.495726496","1.495726496","1.495726496","1.495726496","1.495726496","1.495726496","1.495726496","1.495726496","1.495726496","1.495726496","1.495726496","1.495726496","1.495726496","1.495726496","1.495726496","1.495726496","1.495726496","1.495726496","1.495726496","1.495726496","1.495726496","1.495726496","1.495726496","1.495726496","1.495726496","1.495726496","","","",
"Equatorial Guinea","GNQ","Level of water stress: freshwater withdrawal as a proportion of available freshwater resources","ER.H2O.FWST.ZS","","","","","","","","","","","","","","","","","","","","","","","","","","","","0.092678406","0.097953946","0.103229486","0.108505026","0.113780566","0.119056106","0.124331646","0.129607186","0.134882726","0.140158266","0.145433806","0.150709346","0.155984886","0.161260426","0.16570899","0.170157553","0.174606117","0.17905468","0.183503244","0.183503244","0.183503244","0.183503244","0.183503244","0.183503244","0.183503244","0.183503244","0.183503244","0.183503244","0.183503244","0.183503244","0.183503244","0.183503244","0.183503244","0.183503244","0.183503244","0.183503244","","","",
"Greece","GRC","Level of water stress: freshwater withdrawal as a proportion of available freshwater resources","ER.H2O.FWST.ZS","","","","","","","","","","","8.60610965","8.614930204","8.623750759","8.632571313","8.641391867","8.650212422","8.955371232","9.260530043","9.565688853","9.870847663","10.17600647","10.36050981","10.54501315","10.72951649","10.91401983","11.09852316","12.05583654","13.01314991","13.97046328","14.92777665","15.88509003","16.07323488","16.26137973","16.0921168","15.92285387","15.75359094","16.66194619","17.57030144","17.79324297","18.0161845","18.23912604","18.46206757","18.6850091","18.95980848","19.23460786","19.50940724","19.48533279","19.46125835","19.62022051","19.78019421","19.93814485","20.09913008","20.09913008","20.07889945","20.06069189","20.04450738","20.50576573","20.5017196","20.47744285","20.46328141","20.47744285","20.40663565","20.32571313","","","",
"Grenada","GRD","Level of water stress: freshwater withdrawal as a proportion of available freshwater resources","ER.H2O.FWST.ZS","","","","","","","","","","","","","","","","","","","","","","","","","","","","","","","","","","","","","","","","","","","","","","5","5.227777778","5.455555556","5.683333333","5.911111111","6.138888889","6.366666667","6.594444444","6.822222222","7.05","7.05","7.05","7.05","7.05","7.05","7.05","7.05","7.05","","","",
"Greenland","GRL","Level of water stress: freshwater withdrawal as a proportion of available freshwater resources","ER.H2O.FWST.ZS","","","","","","","","","","","","","","","","","","","","","","","","","","","","","","","","","","","","","","","","","","","","","","","","","","","","","","","","","","","","","","","","","","",
"Guatemala","GTM","Level of water stress: freshwater withdrawal as a proportion of available freshwater resources","ER.H2O.FWST.ZS","","","","","","","","","","","","","","","","","","","","","","","","","","","","","","","","","","","","","","","","","","4.193120779","4.50291604","4.8127113","5.12250656","5.43230182","5.742097081","5.742097081","5.742097081","5.742097081","5.742097081","5.742097081","5.742097081","5.742097081","5.742097081","5.742097081","5.742097081","5.742097081","5.742097081","5.742097081","5.742097081","5.742097081","5.742097081","","","",
"Guam","GUM","Level of water stress: freshwater withdrawal as a proportion of available freshwater resources","ER.H2O.FWST.ZS","","","","","","","","","","","","","","","","","","","","","","","","","","","","","","","","","","","","","","","","","","","","","","","","","","","","","","","","","","","","","","","","","","",
"Guyana","GUY","Level of water stress: freshwater withdrawal as a proportion of available freshwater resources","ER.H2O.FWST.ZS","","","","","","","","","","","","","","","","","","","","","","","","","","","","","","","","","3.333333333","3.384703196","3.436073059","3.487442922","3.538812785","3.590182648","3.641552511","3.692922374","3.744292237","3.709223744","3.674155251","3.639086758","3.604018265","3.568949772","3.514840183","3.460730594","3.406621005","3.352511416","3.298401827","3.298401827","3.298401827","3.298401827","3.298401827","3.298401827","3.298401827","3.298401827","3.298401827","3.298401827","3.298401827","3.298401827","3.298401827","","","",
"High income","HIC","Level of water stress: freshwater withdrawal as a proportion of available freshwater resources","ER.H2O.FWST.ZS","","","","","","","","","","","","","","","","","","","","","","","","","","","","","","","","","","","","","","","","","","","","","","","","","","","","","","","","","","","","","","","","","","",
"Hong Kong SAR, China","HKG","Level of water stress: freshwater withdrawal as a proportion of available freshwater resources","ER.H2O.FWST.ZS","","","","","","","","","","","","","","","","","","","","","","","","","","","","","","","","","","","","","","","","","","","","","","","","","","","","","","","","","","","","","","","","","","",
"Honduras","HND","Level of water stress: freshwater withdrawal as a proportion of available freshwater resources","ER.H2O.FWST.ZS","","","","","","","","","","","","","","","","","","","","","","","","","","","","","","","","","","","","","","","","","","","","4.621268764","4.621268764","4.621268764","4.621268764","4.621268764","4.621268764","4.621268764","4.621268764","4.621268764","4.621268764","4.621268764","4.621268764","4.621268764","4.621268764","4.621268764","4.621268764","4.621268764","4.621268764","4.621268764","4.621268764","","","",
"Heavily indebted poor countries (HIPC)","HPC","Level of water stress: freshwater withdrawal as a proportion of available freshwater resources","ER.H2O.FWST.ZS","","","","","","","","","","","","","","","","","","","","","","","","","","","","","","","","","","","","","","","","","","","","","","","","","","","","","","","","","","","","","","","","","","",
"Croatia","HRV","Level of water stress: freshwater withdrawal as a proportion of available freshwater resources","ER.H2O.FWST.ZS","","","","","","","","","","","","","","","","","","","","","","","","","","","","","","","","","","","","","","","","","","","1.275011116","1.360858794","1.34920282","1.368258909","1.410309344","1.447246395","1.47421076","1.533570476","1.518461539","1.477116496","1.45120498","1.398194753","1.289266341","1.380262339","1.415320142","1.502830147","1.486674077","1.493997332","1.462872388","1.47843486","1.509559804","","","",
"Haiti","HTI","Level of water stress: freshwater withdrawal as a proportion of available freshwater resources","ER.H2O.FWST.ZS","","","","","","","","","","","","","","","","","","","","","","","","","","","","","","","","9.044674174","9.747784752","10.45089533","11.15400591","11.85711649","11.96616472","12.07521295","12.18426119","12.29330942","12.40235766","12.51140589","12.62045413","12.72950236","12.83855059","12.94759883","13.05664706","13.1656953","13.27474353","13.38379177","13.38379177","13.38379177","13.38379177","13.38379177","13.38379177","13.38379177","13.38379177","13.38379177","13.38379177","13.38379177","13.38379177","13.38379177","13.38379177","","","",
"Hungary","HUN","Level of water stress: freshwater withdrawal as a proportion of available freshwater resources","ER.H2O.FWST.ZS","","","","","","","","","","","5.147495682","5.487875648","5.828255613","6.168635579","6.509015544","6.84939551","7.139274611","7.429153713","7.719032815","8.008911917","8.298791019","8.832642487","9.366493955","9.900345423","10.43419689","10.96804836","11.16210215","11.35615593","11.55020972","11.74426351","11.9383173","12.13237108","12.32642487","11.84006908","11.3537133","10.86735751","10.38100173","10.30886586","10.23672999","10.16459413","10.09245826","10.02032239","9.948186529","9.853770869","9.75935521","9.664939551","9.570523892","9.476108233","9.381692573","10.95336788","9.274611399","9.02417962","8.723661485","9.067357513","6.775474957","6.960276339","6.837651123","8.180518135","8.494752155","7.708246978","7.739896373","7.718307427","8.108497409","","","",
"IBRD only","IBD","Level of water stress: freshwater withdrawal as a proportion of available freshwater resources","ER.H2O.FWST.ZS","","","","","","","","","","","","","","","","","","","","","","","","","","","","","","","","","","","","","","","","","","","","","","","","","","","","","","","","","","","","","","","","","","",
"IDA & IBRD total","IBT","Level of water stress: freshwater withdrawal as a proportion of available freshwater resources","ER.H2O.FWST.ZS","","","","","","","","","","","","","","","","","","","","","","","","","","","","","","","","","","","","","","","","","","","","","","","","","","","","","","","","","","","","","","","","","","",
"IDA total","IDA","Level of water stress: freshwater withdrawal as a proportion of available freshwater resources","ER.H2O.FWST.ZS","","","","","","","","","","","","","","","","","","","","","","","","","","","","","","","","","","","","","","","","","","","","","","","","","","","","","","","","","","","","","","","","","","",
"IDA blend","IDB","Level of water stress: freshwater withdrawal as a proportion of available freshwater resources","ER.H2O.FWST.ZS","","","","","","","","","","","","","","","","","","","","","","","","","","","","","","","","","","","","","","","","","","","","","","","","","","","","","","","","","","","","","","","","","","",
"Indonesia","IDN","Level of water stress: freshwater withdrawal as a proportion of available freshwater resources","ER.H2O.FWST.ZS","","","","","","","","","","","","","","","","","","","","","","","","","","","","","","","9.914138989","10.43359611","10.95305322","11.47251034","11.99196745","12.51142457","13.03088169","13.5503388","14.06979592","14.58925303","15.10871015","16.02044985","16.93218954","17.84392924","18.75566893","19.66740863","20.57914833","21.49088802","22.40262772","23.31436741","24.22610711","25.13784681","26.0495865","26.9613262","27.87306589","28.78480559","29.69654528","29.69654528","29.69654528","29.69654528","29.69654528","29.69654528","29.69654528","","","",
"IDA only","IDX","Level of water stress: freshwater withdrawal as a proportion of available freshwater resources","ER.H2O.FWST.ZS","","","","","","","","","","","","","","","","","","","","","","","","","","","","","","","","","","","","","","","","","","","","","","","","","","","","","","","","","","","","","","","","","","",
"Isle of Man","IMN","Level of water stress: freshwater withdrawal as a proportion of available freshwater resources","ER.H2O.FWST.ZS","","","","","","","","","","","","","","","","","","","","","","","","","","","","","","","","","","","","","","","","","","","","","","","","","","","","","","","","","","","","","","","","","","",
"India","IND","Level of water stress: freshwater withdrawal as a proportion of available freshwater resources","ER.H2O.FWST.ZS","","","","","","","","","","","","","","","","39.02238653","40.22078456","41.41918258","42.61758061","43.81597864","45.01437667","46.2127747","47.41117273","48.60957075","49.80796878","51.00636681","51.07414253","51.14191826","51.20969398","51.27746971","51.34524543","52.47894331","53.6126412","54.74633908","55.88003697","57.01373485","58.14743274","59.28113062","60.41482851","61.54852639","62.68222428","64.22874204","65.77525981","67.32177757","64.2061717","64.58715855","64.96814541","65.34913227","65.73011912","66.11110598","66.49209283","66.49209283","66.49209283","66.49209283","66.49209283","66.49209283","66.49209283","66.49209283","66.49209283","66.49209283","66.49209283","66.49209283","66.49209283","","","",
"Not classified","INX","Level of water stress: freshwater withdrawal as a proportion of available freshwater resources","ER.H2O.FWST.ZS","","","","","","","","","","","","","","","","","","","","","","","","","","","","","","","","","","","","","","","","","","","","","","","","","","","","","","","","","","","","","","","","","","",
"Ireland","IRL","Level of water stress: freshwater withdrawal as a proportion of available freshwater resources","ER.H2O.FWST.ZS","","","","","","","","","","","","","","","","","","","","","5.149181906","5.185618039","5.222054173","5.258490307","5.29492644","5.331362574","5.367798708","5.404234841","5.440670975","5.477107109","5.513543242","5.549979376","5.586415509","5.622851643","5.659287777","5.494356462","5.329425147","5.164493832","4.999562516","4.834631201","4.669699886","4.504768571","4.339837256","4.174905941","4.009974626","3.845043311","3.679018287","3.512993263","3.577959577","3.64292589","4.001176345","4.359426799","4.717677254","5.075927708","5.434178163","5.792428617","6.150679072","6.508929526","6.867179981","7.40134745","7.430221367","7.60827719","8.051010587","","","",
"Iran, Islamic Rep.","IRN","Level of water stress: freshwater withdrawal as a proportion of available freshwater resources","ER.H2O.FWST.ZS","","","","","","","","","","","","","","","","39.35458481","40.57098158","41.78737835","43.00377513","44.2201719","45.43656867","46.65383999","47.87038252","49.08692505","50.30346758","51.52001011","52.73655264","53.95309517","55.16963769","56.38618022","57.60272275","58.81693316","60.03332993","61.2497267","66.91722419","72.58472168","73.54672264","74.5087236","75.47072456","76.43272552","77.39472649","78.40111067","79.40749486","80.41387905","81.28908129","81.28908129","81.28908129","81.28908129","81.28908129","81.28908129","81.28908129","81.28908129","81.28908129","81.28908129","81.28908129","81.28908129","81.28908129","81.28908129","81.28908129","81.28908129","81.28908129","81.28908129","81.28908129","","","",
"Iraq","IRQ","Level of water stress: freshwater withdrawal as a proportion of available freshwater resources","ER.H2O.FWST.ZS","","","","","","","","","","","","","","","","56.96629213","57.03230337","57.09831461","57.16432584","57.23033708","57.29634831","57.35955056","57.42275281","57.48595506","57.5491573","57.61235955","58.11235955","58.61235955","59.11235955","59.61235955","60.11235955","63.37078652","66.62921348","69.88764045","73.14606742","76.40449438","79.66292135","82.91095506","86.16938202","89.42780899","92.68623596","90.07742777","87.46861958","84.8598114","82.25100321","79.64219502","77.03338684","74.42457865","71.81577047","69.20696228","66.59815409","63.98934591","61.37351525","58.76470706","56.15589888","49.02247191","54.08707865","60.48174157","47.14044944","79.51966292","63.25842697","59.58384831","59.58384831","","","",
"Iceland","ISL","Level of water stress: freshwater withdrawal as a proportion of available freshwater resources","ER.H2O.FWST.ZS","","","","","","","","","","","","","","","","","","","","","0.146759071","0.147846175","0.148933279","0.150020383","0.151107487","0.152194592","0.167142275","0.182089958","0.197037641","0.211985324","0.226933007","0.226933007","0.226933007","0.226253567","0.225574127","0.224894687","0.224215247","0.223535807","0.222856366","0.222176926","0.221497486","0.222856366","0.224215247","0.224215247","0.224215247","0.246444263","0.26867328","0.290902297","0.313131313","0.33536033","0.357589346","0.378685963","0.399510803","0.39557005","0.37423563","0.379807039","0.353308874","0.394075282","0.394075282","0.394075282","0.394075282","0.394075282","0.394075282","","","",
"Israel","ISR","Level of water stress: freshwater withdrawal as a proportion of available freshwater resources","ER.H2O.FWST.ZS","","","","","","","","","","","133.157190924","134.2075748426","135.1220774739","136.0365801053","136.9510827366","137.865585368","138.7800879993","139.6945906307","140.609093262","141.3941851436","142.1792770253","144.8451384695","147.5109999137","149.4147758318","151.3185517499","153.222327668","152.2301785868","146.3204210163","143.6459321888","140.9714433612","135.6569752394","134.7597273747","133.86247951","132.9652316452","132.0679837805","132.2060219136","133.6036580105","135.0012941075","136.3989302045","137.7965663014","139.1942023984","136.1789319299","133.1636614615","148.3909930118","122.4225692348","121.2866304317","120.1506916286","119.0147528255","117.8788140224","116.7428752193","115.6069364162","112.2595116901","108.912086964","105.5128979381","102.1482184453","98.8698127858","103.4423259425","103.6148736088","95.9365024588","100.4227417824","110.0854110948","131.998964714","","","","",
"Italy","ITA","Level of water stress: freshwater withdrawal as a proportion of available freshwater resources","ER.H2O.FWST.ZS","","","","","","","","","","","36.65521191","37.12738693","37.59956195","38.07173697","38.54391199","39.01608701","39.48649975","39.9569125","40.42732525","40.897738","41.36815075","40.86438075","40.36061075","39.85684075","39.35307076","38.84930076","38.34376849","37.79417947","37.27475465","36.75532982","36.23590499","36.67663328","37.11736157","37.55808987","37.99881816","38.43954645","38.88027475","39.32100304","39.76173133","39.70808001","39.69735953","38.23045997","36.76356041","35.29666085","33.82976129","32.32144839","30.88289201","29.44433562","47.19539656","29.60034093","29.69508515","29.78982937","29.88457359","29.94407241","29.93375824","29.92344406","29.8426391","29.76183413","29.68102917","29.82201075","29.79822011","29.73928981","29.76738039","","","",
"Jamaica","JAM","Level of water stress: freshwater withdrawal as a proportion of available freshwater resources","ER.H2O.FWST.ZS","","","","","","","","","","","","","","","","","","","","","","","","","","","","","","","","","","8.569712649","8.843600269","9.11748789","9.39137551","9.66526313","9.93915075","10.21303837","10.48692599","10.76081361","11.03470123","11.30858885","11.58247647","11.85636409","12.13025171","12.40413933","12.67802695","12.95191457","13.22580219","13.49968981","13.77357743","14.04746505","14.32135267","7.668853368","12.4734362","12.34396002","12.21448383","12.08500765","11.04643079","12.38281888","12.38281888","","","",
"Jordan","JOR","Level of water stress: freshwater withdrawal as a proportion of available freshwater resources","ER.H2O.FWST.ZS","","","","","","","","","","","","","","","","49.95016059","51.81083176","53.67150294","55.53217411","57.39284528","59.25351645","61.11418762","62.97485879","64.83552996","66.69620113","68.5568723","74.38254513","80.20821796","86.0338908","91.85956363","92.47978735","98.0807873","103.6817873","101.100818","98.66936696","96.23791592","93.80646488","91.37501384","88.95780264","85.76531177","82.57282091","77.3183235","81.81019888","82.31492176","88.91112764","95.93531953","101.5616347","103.2229483","102.7799313","95.58090597","98.90353306","88.16037213","94.03034666","99.78956695","107.4094584","96.156828","100.077528","100.4430169","102.2261602","104.31277","106.0493964","102.5163362","105.2021265","","","",
"Japan","JPN","Level of water stress: freshwater withdrawal as a proportion of available freshwater resources","ER.H2O.FWST.ZS","","","","","","","","","","","","","","","","","","","","","40.55172414","40.68030651","40.80888889","40.93747126","41.06605364","41.19463602","41.32321839","41.45180077","41.58038314","41.70896552","41.83754789","41.9302682","42.02298851","41.63678161","41.25057471","40.84597701","40.92643678","41.00689655","41.19233716","41.37777778","41.56321839","40.1954023","38.82758621","38.67126437","38.51494253","38.35862069","38.20229885","38.04597701","37.69471264","37.34344828","37.24348112","37.14351396","37.0435468","36.94357964","36.84361248","36.74364532","36.64367816","36.45977011","36.36781609","36.04597701","36.64367816","36.64367816","36.64367816","","","",
"Kazakhstan","KAZ","Level of water stress: freshwater withdrawal as a proportion of available freshwater resources","ER.H2O.FWST.ZS","","","","","","","","","","","","","","","","","","","","","","","","","","","","","","","","","","46.10402219","45.29403606","44.48404993","40.96976422","37.4554785","33.94119279","30.42690707","29.12482663","28.89736477","30.86962552","31.85298197","32.78363384","34.38557559","29.46324549","31.64632455","28.39112344","33.09153953","30.50762829","29.67683773","31.33564494","32.04576976","32.01386963","30.03606103","30.00138696","31.14008322","32.6518724","32.61581137","34.09847434","34.00416089","34.62690707","","","",
"Kenya","KEN","Level of water stress: freshwater withdrawal as a proportion of available freshwater resources","ER.H2O.FWST.ZS","","","","","","","","","","","","","","","","","","","","","","","","","","","","","","","16.8920033","16.48880715","16.08561101","15.68241486","15.27921872","14.87602258","14.47282643","14.06963029","13.66643414","13.263238","12.86004185","14.94873909","17.03743632","19.12613355","20.18372394","21.24131433","22.29890472","23.35649511","24.4140855","25.47167589","26.52926628","26.53256389","26.5358615","26.53915911","26.54245672","26.54575433","33.23990107","33.23990107","33.23990107","33.23990107","33.23990107","33.23990107","33.23990107","","","",
"Kyrgyz Republic","KGZ","Level of water stress: freshwater withdrawal as a proportion of available freshwater resources","ER.H2O.FWST.ZS","","","","","","","","","","","","","","","","","","","","","","","","","","","","","","","","","","","63.56317361","63.87698567","64.19079773","64.50460979","64.81842185","65.13223391","65.44604597","62.87819764","60.31034931","57.74250097","55.17465264","52.60680431","50.03895598","50.03895598","50.03895598","50.03895598","50.03895598","50.03895598","50.03895598","50.03895598","50.03895598","50.03895598","50.03895598","50.03895598","50.03895598","50.03895598","50.03895598","50.03895598","50.03895598","","","",
"Cambodia","KHM","Level of water stress: freshwater withdrawal as a proportion of available freshwater resources","ER.H2O.FWST.ZS","","","","","","","","","","","","","","","","","","","","","","","","","","","","","","","","","","","","","","","","","","","","","","","1.036544851","1.036544851","1.036544851","1.036544851","1.036544851","1.036544851","1.036544851","1.036544851","1.036544851","1.036544851","1.036544851","1.036544851","1.036544851","1.036544851","1.036544851","1.036544851","1.036544851","","","",
"Kiribati","KIR","Level of water stress: freshwater withdrawal as a proportion of available freshwater resources","ER.H2O.FWST.ZS","","","","","","","","","","","","","","","","","","","","","","","","","","","","","","","","","","","","","","","","","","","","","","","","","","","","","","","","","","","","","","","","","","",
"St. Kitts and Nevis","KNA","Level of water stress: freshwater withdrawal as a proportion of available freshwater resources","ER.H2O.FWST.ZS","","","","","","","","","","","","","","","","","","","","","","","","","","","","","","","","","","","","","","","","","","","","","","","","","","","","","50.83333333","50.83333333","50.83333333","50.83333333","50.83333333","50.83333333","50.83333333","50.83333333","50.83333333","50.83333333","50.83333333","","","",
"Korea, Rep.","KOR","Level of water stress: freshwater withdrawal as a proportion of available freshwater resources","ER.H2O.FWST.ZS","","","","","","","","","","","","","","","","","","","","","","","","","","","","","","","60.04086398","62.07155367","64.10224335","66.13293303","68.16362272","70.1943124","72.22500208","74.25569177","76.43199066","78.60828955","80.78458844","82.96088733","85.13718622","85.16540183","85.19361744","85.22183304","85.22183304","85.22183304","85.22183304","85.22183304","85.22183304","85.22183304","85.22183304","85.22183304","85.22183304","85.22183304","85.22183304","85.22183304","85.22183304","85.22183304","85.22183304","85.22183304","85.22183304","","","",
"Kuwait","KWT","Level of water stress: freshwater withdrawal as a proportion of available freshwater resources","ER.H2O.FWST.ZS","","","","","","","","","","","","","","","","","","","","","","","","","","","","","","","","","","1535","1295.31746","1385.572421","1475.827381","1566.082341","1656.337302","1784.092262","1911.847222","1993.423611","2075","2176.846154","2278.692308","2380.538462","2482.384615","2584.230769","2686.076923","2787.923077","2889.769231","2991.615385","3093.461538","3195.307692","3297.153846","3399","3575","3850.5","3850.5","3850.5","3850.5","3850.5","3850.5","","","",
"Latin America & Caribbean (excluding high income)","LAC","Level of water stress: freshwater withdrawal as a proportion of available freshwater resources","ER.H2O.FWST.ZS","","","","","","","","","","","","","","","","","","","","","","","","","","","","","","","","","","","","","","","","","","","","","","","","","","","","","","","","","","","","","","","","","","",
"Lao PDR","LAO","Level of water stress: freshwater withdrawal as a proportion of available freshwater resources","ER.H2O.FWST.ZS","","","","","","","","","","","","","","","","","","","","","","","","","","","","","","","","","","","","","","","","","","","","","","2.277053455","2.572359844","2.867666232","3.162972621","3.458279009","3.753585398","4.048891786","4.344198175","4.639504563","4.934810952","5.117340287","4.993481095","4.771838331","4.771838331","4.791395046","4.791395046","4.791395046","4.791395046","","","",
"Lebanon","LBN","Level of water stress: freshwater withdrawal as a proportion of available freshwater resources","ER.H2O.FWST.ZS","","","","","","","","","","","","","","","","24.36729397","25.29287202","26.21161925","27.14402814","28.05594453","28.99518426","29.90026982","30.84634038","31.77191844","32.6974965","33.62307456","34.54865262","35.47423068","36.39980874","37.3253868","38.25096486","39.11164999","40.04405888","40.96280611","41.88838417","42.64546831","43.40255246","44.1596366","44.91672074","45.67380489","41.07722258","40.27903958","39.48085659","38.68267359","37.88449059","35.56132382","37.88449059","40.20765737","42.53082414","44.85399092","47.17715769","49.50032446","51.82349124","54.14665801","56.46982479","58.79299156","58.79299156","58.79299156","58.79299156","58.79299156","58.79299156","58.79299156","58.79299156","","","",
"Liberia","LBR","Level of water stress: freshwater withdrawal as a proportion of available freshwater resources","ER.H2O.FWST.ZS","","","","","","","","","","","","","","","","","","","","","","","","","","","","0.235507246","0.235618729","0.235730212","0.235841695","0.235953177","0.23606466","0.236176143","0.236287625","0.236399108","0.236510591","0.236622074","0.236733556","0.236845039","0.236956522","0.242427536","0.247898551","0.253369565","0.25884058","0.264311594","0.264311594","0.264311594","0.264311594","0.264311594","0.264311594","0.264311594","0.264311594","0.264311594","0.264311594","0.264311594","0.264311594","0.264311594","0.264311594","0.264311594","0.264311594","0.264311594","0.264311594","","","",
"Libya","LBY","Level of water stress: freshwater withdrawal as a proportion of available freshwater resources","ER.H2O.FWST.ZS","","","","","","","","","","","","","","","","171.4285714","179.1428571","186.8571429","194.5714286","202.2857143","210","257","304","351","398","445","492","539","586","633","680","674.2857143","668.5714286","662.8571429","657.1428571","650.6114286","644.08","637.5485714","628.4457143","621.9142857","615.4285714","631.9571429","648.4857143","665.0142857","681.5428571","698.0714286","715.0816327","732.0918367","749.1020408","766.1122449","783.122449","800.1326531","817.1428571","817.1428571","817.1428571","817.1428571","817.1428571","817.1428571","817.1428571","817.1428571","817.1428571","817.1428571","817.1428571","","","",
"St. Lucia","LCA","Level of water stress: freshwater withdrawal as a proportion of available freshwater resources","ER.H2O.FWST.ZS","","","","","","","","","","","","","","","","","","","","","","","","","","","","","","","","","","","","","","","","","","","","","","","","14.3","14.3","14.3","14.3","14.3","14.3","14.3","14.3","14.3","14.3","14.3","14.3","14.3","14.3","14.3","14.3","","","",
"Latin America & Caribbean","LCN","Level of water stress: freshwater withdrawal as a proportion of available freshwater resources","ER.H2O.FWST.ZS","","","","","","","","","","","","","","","","","","","","","","","","","","","","","","","","","","","","","","","","","","","","","","","","","","","","","","","","","","","","","","","","","","",
"Least developed countries: UN classification","LDC","Level of water stress: freshwater withdrawal as a proportion of available freshwater resources","ER.H2O.FWST.ZS","","","","","","","","","","","","","","","","","","","","","","","","","","","","","","","","","","","","","","","","","","","","","","","","","","","","","","","","","","","","","","","","","","",
"Low income","LIC","Level of water stress: freshwater withdrawal as a proportion of available freshwater resources","ER.H2O.FWST.ZS","","","","","","","","","","","","","","","","","","","","","","","","","","","","","","","","","","","","","","","","","","","","","","","","","","","","","","","","","","","","","","","","","","",
"Liechtenstein","LIE","Level of water stress: freshwater withdrawal as a proportion of available freshwater resources","ER.H2O.FWST.ZS","","","","","","","","","","","","","","","","","","","","","","","","","","","","","","","","","","","","","","","","","","","","","","","","","","","","","","","","","","","","","","","","","","",
"Sri Lanka","LKA","Level of water stress: freshwater withdrawal as a proportion of available freshwater resources","ER.H2O.FWST.ZS","","","","","","","","","","","","","","","","","","","","","","","","","","","","","","","68.50631136","70.77952314","73.05273492","75.3259467","77.59915849","79.87237027","82.14558205","84.41879383","86.69200561","88.96521739","91.23842917","91.14782609","91.057223","90.96661992","90.87601683","90.78541374","90.78541374","90.78541374","90.78541374","90.78541374","90.78541374","90.78541374","90.78541374","90.78541374","90.78541374","90.78541374","90.78541374","90.78541374","90.78541374","90.78541374","90.78541374","90.78541374","90.78541374","","","",
"Lower middle income","LMC","Level of water stress: freshwater withdrawal as a proportion of available freshwater resources","ER.H2O.FWST.ZS","","","","","","","","","","","","","","","","","","","","","","","","","","","","","","","","","","","","","","","","","","","","","","","","","","","","","","","","","","","","","","","","","","",
"Low & middle income","LMY","Level of water stress: freshwater withdrawal as a proportion of available freshwater resources","ER.H2O.FWST.ZS","","","","","","","","","","","","","","","","","","","","","","","","","","","","","","","","","","","","","","","","","","","","","","","","","","","","","","","","","","","","","","","","","","",
"Lesotho","LSO","Level of water stress: freshwater withdrawal as a proportion of available freshwater resources","ER.H2O.FWST.ZS","","","","","","","","","","","","","","","","","","","","","","","","","","","","2.929115407","2.892088384","2.855061361","2.818034338","2.781007315","2.743980292","2.706953269","2.669926246","2.632899223","2.5958722","2.558845178","2.521818155","2.484791132","2.565905097","2.565905097","2.565905097","2.565905097","2.565905097","2.565905097","2.565905097","2.565905097","2.565905097","2.565905097","2.565905097","2.565905097","2.565905097","2.565905097","2.565905097","2.565905097","2.565905097","2.565905097","2.565905097","2.565905097","2.565905097","2.565905097","2.565905097","","","",
"Late-demographic dividend","LTE","Level of water stress: freshwater withdrawal as a proportion of available freshwater resources","ER.H2O.FWST.ZS","","","","","","","","","","","","","","","","","","","","","","","","","","","","","","","","","","","","","","","","","","","","","","","","","","","","","","","","","","","","","","","","","","",
"Lithuania","LTU","Level of water stress: freshwater withdrawal as a proportion of available freshwater resources","ER.H2O.FWST.ZS","","","","","","","","","","","","","","","","","","","","","","","","","","","","","","","","","","","","31.34246575","29.44484499","27.54722422","25.64960346","23.7519827","21.85436193","19.95674117","19.222062","18.48738284","17.75270368","17.01802451","16.6705119","16.32299928","13.37130497","10.41961067","7.467916366","4.516222062","3.870223504","3.224224946","2.578226388","2.752703677","2.219899063","1.867339582","1.834102379","2.363266042","2.892429704","2.558255227","2.165537131","","","",
"Luxembourg","LUX","Level of water stress: freshwater withdrawal as a proportion of available freshwater resources","ER.H2O.FWST.ZS","","","","","","","","","","","2.885572139","3.013266998","3.140961857","3.268656716","3.396351576","3.524046435","3.47761194","3.431177446","3.384742952","3.338308458","3.291873964","3.744610282","4.1973466","4.650082919","5.102819237","5.555555556","5.472636816","5.389718076","5.306799337","5.223880597","5.140961857","5.058043118","4.975124378","4.892205639","4.809286899","4.726368159","4.805140962","4.883913765","4.962686567","5.04145937","4.927031509","4.812603648","4.698175788","4.583747927","4.469320066","4.354892206","4.240464345","4.126036484","4.011608624","3.897180763","3.946932007","3.839137645","3.698175788","3.573797678","3.814262023","3.714759536","3.68159204","3.781094527","4.328358209","4.087893864","3.963515755","3.816749585","3.95854063","","","",
"Latvia","LVA","Level of water stress: freshwater withdrawal as a proportion of available freshwater resources","ER.H2O.FWST.ZS","","","","","","","","","","","","","","","","","","","","","","","","","","","","","","","","","","","","2.393557258","2.257356119","2.121154979","1.98495384","1.848752701","1.712551562","1.576350422","1.440777843","1.396110784","1.351443724","1.306776665","1.262109605","1.217442546","1.348261638","2.327047731","1.621685327","2.175014732","1.462581025","1.390689452","0.992928698","1.041249263","1.095214302","1.067280854","1.080430171","1.052616382","1.067831467","1.086918091","1.015521509","","","",
"Macao SAR, China","MAC","Level of water stress: freshwater withdrawal as a proportion of available freshwater resources","ER.H2O.FWST.ZS","","","","","","","","","","","","","","","","","","","","","","","","","","","","","","","","","","","","","","","","","","","","","","","","","","","","","","","","","","","","","","","","","","",
"St. Martin (French part)","MAF","Level of water stress: freshwater withdrawal as a proportion of available freshwater resources","ER.H2O.FWST.ZS","","","","","","","","","","","","","","","","","","","","","","","","","","","","","","","","","","","","","","","","","","","","","","","","","","","","","","","","","","","","","","","","","","",
"Morocco","MAR","Level of water stress: freshwater withdrawal as a proportion of available freshwater resources","ER.H2O.FWST.ZS","","","","","","","","","","","","","","","","43.20069121","44.20870734","45.21672347","46.2247396","47.23275572","48.24077185","49.15278644","50.06480104","50.97681563","51.88883022","52.80084481","51.82162915","50.84241348","49.86319781","48.88398214","47.88844622","50.44448711","53.00052801","52.96692747","53.69653914","54.03254452","54.41405462","55.93078289","57.44751116","58.96423943","60.4809677","65.79225268","71.10353766","68.55949695","66.01545625","63.47141554","60.92737484","58.38333413","55.83929343","53.29525272","50.75121202","50.75121202","50.75121202","50.75121202","50.75121202","50.75121202","50.75121202","50.75121202","50.75121202","50.75121202","50.75121202","50.75121202","50.75121202","","","",
"Monaco","MCO","Level of water stress: freshwater withdrawal as a proportion of available freshwater resources","ER.H2O.FWST.ZS","","","","","","","","","","","","","","","","","","","","","","","","","","","","","","","","","","","","","","","","","","","","","","","","","","","","","","","","","","","","","","","","","","",
"Moldova","MDA","Level of water stress: freshwater withdrawal as a proportion of available freshwater resources","ER.H2O.FWST.ZS","","","","","","","","","","","","","","","","","","","","","","","","","","","","","","","","","29.15057915","27.51188001","25.87318087","24.23448173","26.08159068","22.11099711","21.62621163","21.14142614","20.65664066","12.97891298","12.86011286","12.83041283","12.65221265","12.65221265","12.68191268","12.68191268","12.78586279","12.84526285","12.63736264","12.57796258","12.62251262","12.45916246","12.41461241","12.47401247","12.5037125","12.47401247","12.42946243","12.45916246","12.56311256","12.56311256","12.56311256","","","",
"Madagascar","MDG","Level of water stress: freshwater withdrawal as a proportion of available freshwater resources","ER.H2O.FWST.ZS","","","","","","","","","","","","","","","","","","","","","","","","","13.64267782","13.48925732","13.33583682","13.18241632","13.02899582","12.87557531","12.72215481","12.56873431","12.41531381","12.26189331","12.1084728","11.9550523","11.8016318","11.6482113","11.4947908","11.34137029","11.18794979","11.20266109","11.21737238","11.23208368","11.24679498","11.26150628","11.26150628","11.26150628","11.26150628","11.26150628","11.26150628","11.26150628","11.26150628","11.26150628","11.26150628","11.26150628","11.26150628","11.26150628","11.26150628","11.26150628","11.26150628","11.26150628","11.26150628","","","",
"Maldives","MDV","Level of water stress: freshwater withdrawal as a proportion of available freshwater resources","ER.H2O.FWST.ZS","","","","","","","","","","","","","","","","","","","","","","","","","","","","11.33333333","11.73015873","11.74603175","11.95238095","11.58730159","12.36507937","12.57142857","12.77777778","15.32051282","15.88141026","16.44230769","17.00320513","17.56410256","17.66666667","17.125","16.91666667","16.70833333","16.5","14.47619048","14.87301587","15.46031746","15.66666667","9.523809524","3.380952381","15.66666667","15.66666667","15.66666667","15.66666667","15.66666667","15.66666667","15.66666667","15.66666667","15.66666667","15.66666667","15.66666667","15.66666667","","","",
"Middle East, North Africa, Afghanistan & Pakistan","MEA","Level of water stress: freshwater withdrawal as a proportion of available freshwater resources","ER.H2O.FWST.ZS","","","","","","","","","","","","","","","","","","","","","","","","","","","","","","","","","","","","","","","","","","","","","","","","","","","","","","","","","","","","","","","","","","",
"Mexico","MEX","Level of water stress: freshwater withdrawal as a proportion of available freshwater resources","ER.H2O.FWST.ZS","","","","","","","","","","","","","","","","","","","","","20.99494351","21.22377709","21.45261066","21.68144424","21.91027782","22.1391114","22.36794497","22.59677855","22.82561213","23.0544457","23.28327928","23.51211286","23.74094644","23.96978001","24.19861359","24.42744717","24.65628075","24.88511432","25.1139479","25.34278148","25.57161506","25.80044863","27.12050055","28.02076613","28.20832145","28.58343211","28.88352064","29.50245322","29.92666587","29.92632827","29.87006167","29.81379507","31.03290471","30.6277852","31.85814815","32.13197893","32.47595541","32.94972017","44.46268418","44.71842969","44.81702434","45.01521461","44.94514734","","","",
"Marshall Islands","MHL","Level of water stress: freshwater withdrawal as a proportion of available freshwater resources","ER.H2O.FWST.ZS","","","","","","","","","","","","","","","","","","","","","","","","","","","","","","","","","","","","","","","","","","","","","","","","","","","","","","","","","","","","","","","","","","",
"Middle income","MIC","Level of water stress: freshwater withdrawal as a proportion of available freshwater resources","ER.H2O.FWST.ZS","","","","","","","","","","","","","","","","","","","","","","","","","","","","","","","","","","","","","","","","","","","","","","","","","","","","","","","","","","","","","","","","","","",
"North Macedonia","MKD","Level of water stress: freshwater withdrawal as a proportion of available freshwater resources","ER.H2O.FWST.ZS","","","","","","","","","","","","","","","","","","","","","","","","","","","","","","","","","","","","","37.63310745","32.41166505","27.19022265","21.96878025","16.74733785","16.03581801","15.32429816","19.54824137","23.77218458","27.99612778","20.66795741","13.33978703","19.34051307","25.34123911","21.99903195","18.65682478","15.31461762","11.97241046","16.40225879","20.83210713","25.26195547","38.69232817","52.12270087","38.70232333","34.84632139","37.93296225","52.55324298","","","",
"Mali","MLI","Level of water stress: freshwater withdrawal as a proportion of available freshwater resources","ER.H2O.FWST.ZS","","","","","","","","","","","","","","","","","","","","","","","","","","","","2.098765432","2.517002383","2.935239333","3.353476283","3.771713234","4.189950184","4.608187135","5.026424085","5.444661035","5.862897986","6.259015595","6.655133203","7.051250812","7.447368421","7.84348603","7.875406108","7.907326186","7.939246264","7.971166342","8.00308642","8.00308642","8.00308642","8.00308642","8.00308642","8.00308642","8.00308642","8.00308642","8.00308642","8.00308642","8.00308642","8.00308642","8.00308642","8.00308642","8.00308642","8.00308642","8.00308642","","","",
"Malta","MLT","Level of water stress: freshwater withdrawal as a proportion of available freshwater resources","ER.H2O.FWST.ZS","","","","","","","","","","","","","","","","","","","","","39.6039604","44.35643564","49.10891089","53.86138614","58.61386139","53.26732673","52.55445545","51.84158416","51.12871287","50.41584158","49.7029703","48.99009901","48.27722772","47.56435644","46.85148515","46.13861386","49.16548798","52.19236209","55.21923621","58.24611033","61.27298444","64.29985856","67.32673267","68.43564356","68.51485149","70.65346535","71.76237624","72.87128713","70.89108911","62.77227723","80.99009901","75.44554455","79.40594059","91.28712871","89.10891089","82.77227723","82.97029703","91.08910891","84.62300297","80.66096515","81.77715644","78.46721386","72.60000792","","","",
"Myanmar","MMR","Level of water stress: freshwater withdrawal as a proportion of available freshwater resources","ER.H2O.FWST.ZS","","","","","","","","","","","","","","","","","","","","","","","","","","","","4.932960894","4.999771702","5.06658251","5.133393318","5.200204126","5.267014933","5.333366459","5.40010072","5.467447357","5.534258165","5.600303502","5.667037763","5.733772024","5.801501397","5.801501397","5.801501397","5.801501397","5.801501397","5.801501397","5.801501397","5.801501397","5.801501397","5.801501397","5.801501397","5.801501397","5.801501397","5.801501397","5.801501397","5.801501397","5.801501397","5.801501397","5.801501397","5.801501397","5.801501397","5.801501397","5.801501397","","","",
"Middle East, North Africa, Afghanistan & Pakistan (excluding high income)","MNA","Level of water stress: freshwater withdrawal as a proportion of available freshwater resources","ER.H2O.FWST.ZS","","","","","","","","","","","","","","","","","","","","","","","","","","","","","","","","","","","","","","","","","","","","","","","","","","","","","","","","","","","","","","","","","","",
"Montenegro","MNE","Level of water stress: freshwater withdrawal as a proportion of available freshwater resources","ER.H2O.FWST.ZS","","","","","","","","","","","","","","","","","","","","","","","","","","","","","","","","","","","","","","","","","","","","","","","","","","","","","","","","","","","","","","","","","","",
"Mongolia","MNG","Level of water stress: freshwater withdrawal as a proportion of available freshwater resources","ER.H2O.FWST.ZS","","","","","","","","","","","","","","","","","","","","","","","","","","","","","","","","","","3.142437592","3.205692985","3.268948379","3.332203773","3.395459166","3.45871456","3.521969954","3.585225347","3.648480741","3.711736135","3.774991528","3.838246922","3.753303965","3.964757709","3.991678904","4.018600098","4.045521292","3.896965247","3.748409202","3.599853157","3.451297112","3.302741067","3.154185022","3.395007342","3.395007342","3.395007342","3.395007342","3.395007342","3.395007342","3.395007342","","","",
"Northern Mariana Islands","MNP","Level of water stress: freshwater withdrawal as a proportion of available freshwater resources","ER.H2O.FWST.ZS","","","","","","","","","","","","","","","","","","","","","","","","","","","","","","","","","","","","","","","","","","","","","","","","","","","","","","","","","","","","","","","","","","",
"Mozambique","MOZ","Level of water stress: freshwater withdrawal as a proportion of available freshwater resources","ER.H2O.FWST.ZS","","","","","","","","","","","","","","","","","","","","","","","","","","","","","","","0.719381689","0.750958815","0.782535942","0.814113069","0.845690196","0.877267323","0.908844449","0.940421576","0.971998703","1.00357583","1.035152956","1.07412604","1.129668762","1.185211483","1.240754204","1.296296925","1.341815866","1.387334806","1.432853746","1.478372686","1.523891626","1.569410566","1.614929506","1.660448446","1.705967386","1.751486326","1.751486326","1.751486326","1.751486326","1.751486326","1.751486326","1.751486326","1.751486326","","","",
"Mauritania","MRT","Level of water stress: freshwater withdrawal as a proportion of available freshwater resources","ER.H2O.FWST.ZS","","","","","","","","","","","","","","","","","","","","","7.172332482","8.937070151","10.70180782","12.46654549","14.23128316","15.99602083","15.9784175","15.96081417","15.94321085","15.92560752","15.88835397","15.87075064","15.85314731","15.83554398","15.81794066","15.80033733","15.782734","15.76513067","15.74752735","15.72992402","15.71232069","15.0830222","14.45372372","13.82442523","13.19512674","13.24621733","13.24621733","13.24621733","13.24621733","13.24621733","13.24621733","13.24621733","13.24621733","13.24621733","13.24621733","13.24621733","13.24621733","13.24621733","13.24621733","13.24621733","13.24621733","13.24621733","13.24621733","","","",
"Mauritius","MUS","Level of water stress: freshwater withdrawal as a proportion of available freshwater resources","ER.H2O.FWST.ZS","","","","","","","","","","","","","","","13.08615049","13.08615049","13.5853629","14.08457531","14.58378771","15.08300012","15.58221253","16.08142494","16.58063734","17.07984975","17.57906216","18.07827457","18.57748697","19.07669938","19.57591179","20.0751242","20.5743366","20.9305707","21.2868048","21.64303889","21.99927299","22.35550709","22.31915667","22.28280625","22.24645583","22.21010542","22.173755","23.56718769","24.96062038","26.35405307","25.73609597","25.11813886","24.7909851","22.90076336","27.84442021","22.97346419","23.15521629","20.7560887","21.15594329","22.10105416","22.53725918","22.24645583","22.53725918","22.173755","21.48309706","21.62849873","22.06470374","21.95565249","22.97346419","","","",
"Malawi","MWI","Level of water stress: freshwater withdrawal as a proportion of available freshwater resources","ER.H2O.FWST.ZS","","","","","","","","","","","","","","","","","","","","","","","","","","","","","","","","","","","12.07586118","12.7214768","13.36709242","14.01270804","14.65832366","15.30393928","15.9495549","16.60605083","17.26254677","17.34331054","17.42407431","17.50483809","17.50483809","17.50483809","17.50483809","17.50483809","17.50483809","17.50483809","17.50483809","17.50483809","17.50483809","17.50483809","17.50483809","17.50483809","17.50483809","17.50483809","17.50483809","17.50483809","17.50483809","","","",
"Malaysia","MYS","Level of water stress: freshwater withdrawal as a proportion of available freshwater resources","ER.H2O.FWST.ZS","","","","","","","","","","","","","","","","","","","","","","","","","","","","","","","5.186","4.810290598","4.434581197","4.058871795","3.683162393","3.845641026","2.812307692","2.832334683","2.852361673","2.872388664","2.892415655","2.912442645","2.932469636","2.952496626","2.972523617","2.992550607","3.012577598","3.032604588","3.052631579","3.07265857","3.09268556","3.112712551","3.132739541","3.152766532","3.172793522","3.192820513","3.36","3.43948718","3.43948718","3.43948718","3.43948718","3.43948718","3.43948718","","","",
"North America","NAC","Level of water stress: freshwater withdrawal as a proportion of available freshwater resources","ER.H2O.FWST.ZS","","","","","","","","","","","","","","","","","","","","","","","","","","","","","","","","","","","","","","","","","","","","","","","","","","","","","","","","","","","","","","","","","","",
"Namibia","NAM","Level of water stress: freshwater withdrawal as a proportion of available freshwater resources","ER.H2O.FWST.ZS","","","","","","","","","","","","","","","","","","","","","","","","","","0.427872861","0.483190709","0.538508558","0.593826406","0.649877751","0.704462103","0.760085575","0.778422983","0.796760391","0.8150978","0.833435208","0.815709047","0.840158924","0.864608802","0.88905868","0.915953545","0.888753056","0.861552567","0.833793673","0.806034778","0.778275883","0.750516989","0.72347298","0.695857063","0.668241145","0.640625228","0.61300931","0.585393393","0.557777476","0.528445831","0.500686937","0.472928042","0.445169147","0.417410253","0.392081971","0.364466054","0.314668328","0.314668328","","","",
"New Caledonia","NCL","Level of water stress: freshwater withdrawal as a proportion of available freshwater resources","ER.H2O.FWST.ZS","","","","","","","","","","","","","","","","","","","","","","","","","","","","","","","","","","","","","","","","","","","","","","","","","","","","","","","","","","","","","","","","","","",
"Niger","NER","Level of water stress: freshwater withdrawal as a proportion of available freshwater resources","ER.H2O.FWST.ZS","","","","","","","","","","","","","","","","","","","","","","","","","","","","","2.133105802","2.254466975","2.375828147","2.497189319","2.618550492","2.739911664","2.861272837","2.982634009","3.103995182","3.225356354","3.346717527","3.468078699","3.589439872","3.710801044","3.832162216","3.953523389","4.074884561","4.196245734","4.446482746","4.696719757","4.946956769","5.197193781","5.447430793","5.697667804","5.947904816","6.198141828","6.44837884","7.344283277","7.453924915","6.746113481","10.37334044","11.02093771","11.02093771","11.02093771","11.02093771","","","",
"Nigeria","NGA","Level of water stress: freshwater withdrawal as a proportion of available freshwater resources","ER.H2O.FWST.ZS","","","","","","","","","","","","","","","","","","","","","","","","","","","","4.333333333","4.6143709","4.895766249","5.174657126","5.455873584","5.737090042","6.0183065","6.299522958","6.580739416","6.861955874","7.143709004","7.42438879","7.705784138","7.986821705","8.183410853","8.38","8.576589147","8.773178295","8.969767442","9.109457364","9.249147287","9.388837209","9.528527132","9.668217054","9.668217054","9.668217054","9.668217054","9.668217054","9.668217054","9.668217054","9.668217054","9.668217054","9.668217054","9.668217054","9.668217054","9.668217054","","","",
"Nicaragua","NIC","Level of water stress: freshwater withdrawal as a proportion of available freshwater resources","ER.H2O.FWST.ZS","","","","","","","","","","","","","","","","","","","","","","","","","","","","","","","","","","","","","","","2.2414515","2.331281361","2.419192171","2.509022032","2.539826538","2.570631044","2.60143555","2.632240056","2.651430565","2.670621075","2.689811584","2.663836199","2.637860813","2.611885428","2.563012276","2.514139123","2.465265971","2.416392819","2.367519666","2.318646514","2.269773362","2.219818563","2.220900209","2.220900209","2.220900209","","","",
"Netherlands","NLD","Level of water stress: freshwater withdrawal as a proportion of available freshwater resources","ER.H2O.FWST.ZS","","","","","","","","","","","","","","","","","","","","","17.46345168","17.52078982","17.57812797","17.63546611","17.69280425","17.7501424","17.23144105","16.7127397","16.19403835","15.675337","15.15663566","15.15663566","14.5961648","14.03569394","13.47522309","12.91475223","12.35428137","13.26846402","14.18264667","15.09682931","16.01101196","16.92519461","18.17652364","19.42785267","20.6791817","21.93051073","21.3521929","20.77387507","20.33415607","21.66318587","20.75185115","19.34687678","20.34611733","20.20125309","18.01784697","15.96924245","15.23333966","15.02980824","16.36698361","17.00060692","16.80356059","16.07566255","16.65850698","","","",
"Norway","NOR","Level of water stress: freshwater withdrawal as a proportion of available freshwater resources","ER.H2O.FWST.ZS","","","","","","","","","","","","","","","","","","","","","1.520912548","1.540869772","1.560826996","1.580784221","1.600741445","1.620698669","1.640655894","1.660613118","1.680570342","1.700527567","1.720484791","1.740442015","1.76039924","1.780356464","1.800313688","1.820270913","1.840228137","1.822078581","1.803929024","1.785779468","1.829972841","1.95370994","1.942237914","1.960956002","2.136328083","2.083030961","2.234980989","2.301140684","2.231368821","2.161596958","2.133536122","2.10539924","2.077338403","2.094144487","2.11313308","2.063368821","2.013604563","2.046106464","2.044449926","2.042937874","2.041311754","2.009498099","2.044007605","","","",
"Nepal","NPL","Level of water stress: freshwater withdrawal as a proportion of available freshwater resources","ER.H2O.FWST.ZS","","","","","","","","","","","","","","","","","","","","","","","","","","","","","","","","","","","","","","","","","8.369070541","8.357622965","8.34617539","8.334727814","8.323280238","8.311832662","8.311832662","8.311832662","8.311832662","8.311832662","8.311832662","8.311832662","8.311832662","8.311832662","8.311832662","8.311832662","8.311832662","8.311832662","8.311832662","8.311832662","8.311832662","8.311832662","8.311832662","","","",
"Nauru","NRU","Level of water stress: freshwater withdrawal as a proportion of available freshwater resources","ER.H2O.FWST.ZS","","","","","","","","","","","","","","","","","","","","","","","","","","","","","","","","","","","","","","","","","","","","","","","","","","","","","","","","","","","","","","","","","","",
"New Zealand","NZL","Level of water stress: freshwater withdrawal as a proportion of available freshwater resources","ER.H2O.FWST.ZS","","","","","","","","","","","","","","","","","","","","","0.97799511","1.09209454","1.206193969","1.320293399","1.434392828","1.548492258","1.620677611","1.692862964","1.765048318","1.837233671","1.909419024","1.981604378","2.053789731","2.125975084","2.198160438","2.270345791","2.342531145","2.414716498","2.486901851","2.559087205","2.76493189","2.970776575","3.17662126","3.382465945","3.58831063","3.794155315","4","4.059698452","4.119396903","4.179095355","4.238793806","5.191116544","6.143439283","7.095762021","8.04808476","8.04808476","8.04808476","8.04808476","8.04808476","8.04808476","8.04808476","8.04808476","8.04808476","","","",
"OECD members","OED","Level of water stress: freshwater withdrawal as a proportion of available freshwater resources","ER.H2O.FWST.ZS","","","","","","","","","","","","","","","","","","","","","","","","","","","","","","","","","","","","","","","","","","","","","","","","","","","","","","","","","","","","","","","","","","",
"Oman","OMN","Level of water stress: freshwater withdrawal as a proportion of available freshwater resources","ER.H2O.FWST.ZS","","","","","","","","","","","","","","","","","","","","","","","","","","","","","","","","85.5","86.47366522","87.44733045","88.42099567","86.96608947","87.93975469","88.91341991","89.88708514","90.86075036","92.85714286","90.79220779","89.75","84.71428571","87.91428571","91.11428571","94.31428571","97.51428571","100.7142857","103.9142857","107.1142857","110.3142857","113.5142857","116.7142857","116.7142857","116.7142857","116.7142857","116.7142857","116.7142857","116.7142857","116.7142857","116.7142857","116.7142857","","","",
"Other small states","OSS","Level of water stress: freshwater withdrawal as a proportion of available freshwater resources","ER.H2O.FWST.ZS","","","","","","","","","","","","","","","","","","","","","","","","","","","","","","","","","","","","","","","","","","","","","","","","","","","","","","","","","","","","","","","","","","",
"Pakistan","PAK","Level of water stress: freshwater withdrawal as a proportion of available freshwater resources","ER.H2O.FWST.ZS","","","","","","","","","","","","","","","","94.08502546","94.17060303","94.2561806","94.34175817","94.42733575","94.51291332","94.59849089","94.68406846","94.76964603","94.85522361","94.94080118","95.02637875","95.11195632","95.19753389","95.28311147","95.36868904","95.45426661","96.61029657","97.76632654","98.9223565","100.0783865","101.2344164","102.3904464","103.5464764","104.7025063","105.8585363","106.641157","107.4237777","108.2063984","108.9890191","109.7716398","110.6941292","111.6166186","112.569781","112.3182627","113.6617385","110.1036746","115.2567327","112.569781","119.5448132","120.7962702","122.5507638","122.6734556","118.2381449","108.6497761","116.3057481","112.9746641","109.9932519","","","",
"Panama","PAN","Level of water stress: freshwater withdrawal as a proportion of available freshwater resources","ER.H2O.FWST.ZS","","","","","","","","","","","","","","","","","","","","","","","","","","","","","","","","","","","","","","","","","","","","","","","","","","","0.771347813","0.815431915","0.859516017","0.903600119","0.8934097","0.930749777","0.90107111","0.90107111","0.90107111","0.90107111","0.90107111","0.90107111","0.90107111","","","",
"Peru","PER","Level of water stress: freshwater withdrawal as a proportion of available freshwater resources","ER.H2O.FWST.ZS","","","","","","","","","","","","","","","","","","","","","","","","","","","","","","","","","","","","","","","","","","","","","","","","","2.527011923","2.969578987","3.412146051","3.854713115","4.297280179","4.739847243","5.182414307","5.624981371","6.067548435","6.510115499","6.952682563","7.181445604","7.181445604","4.576564829","4.82842772","","","",
"Philippines","PHL","Level of water stress: freshwater withdrawal as a proportion of available freshwater resources","ER.H2O.FWST.ZS","","","","","","","","","","","","","","","","","","","","","","","","","","","","","","","","","","","","","","","","","","","","","","","24.11800673","24.91470498","25.21828187","24.933048","25.45796393","25.69825741","25.75603791","25.81687557","25.81228982","26.41302354","26.63252828","28.06214613","28.17420079","26.28997676","26.74328009","27.20891578","27.83151711","","","",
"Palau","PLW","Level of water stress: freshwater withdrawal as a proportion of available freshwater resources","ER.H2O.FWST.ZS","","","","","","","","","","","","","","","","","","","","","","","","","","","","","","","","","","","","","","","","","","","","","","","","","","","","","","","","","","","","","","","","","","",
"Papua New Guinea","PNG","Level of water stress: freshwater withdrawal as a proportion of available freshwater resources","ER.H2O.FWST.ZS","","","","","","","","","","","","","","","","","","","","","","","","","","","","","","","","","","","","","","","","","0.09153457","0.099676223","0.107817875","0.115959528","0.12410118","0.132242833","0.132242833","0.132242833","0.132242833","0.132242833","0.132242833","0.132242833","0.132242833","0.132242833","0.132242833","0.132242833","0.132242833","0.132242833","0.132242833","0.132242833","0.132242833","0.132242833","0.132242833","","","",
"Poland","POL","Level of water stress: freshwater withdrawal as a proportion of available freshwater resources","ER.H2O.FWST.ZS","","","","","","","","","","","35.00519211","37.37210107","39.73901004","42.105919","44.47282797","46.83973693","47.94669436","49.05365178","50.16060921","51.26756663","52.37452406","53.26202838","54.14953271","55.03703704","55.92454136","56.81204569","55.94946348","55.08688127","54.22429907","53.36171686","52.49913465","49.40636899","46.31360332","45.90723434","45.50086535","45.09449637","44.68812738","44.28175839","43.53824853","42.79473866","42.0512288","41.30771893","40.56420907","40.77050883","40.97680858","41.18310834","41.3894081","41.59570786","39.32156456","39.83039114","37.61163032","41.22533749","39.69539633","38.90619592","36.79820007","36.16476289","35.61439945","34.89096573","33.22256836","31.0971928","30","32.0768432","32.48528903","","","",
"Pre-demographic dividend","PRE","Level of water stress: freshwater withdrawal as a proportion of available freshwater resources","ER.H2O.FWST.ZS","","","","","","","","","","","","","","","","","","","","","","","","","","","","","","","","","","","","","","","","","","","","","","","","","","","","","","","","","","","","","","","","","","",
"Puerto Rico (US)","PRI","Level of water stress: freshwater withdrawal as a proportion of available freshwater resources","ER.H2O.FWST.ZS","","","","","","","","","","","","","","","","","","","","","","","","","","","","","","","17.80531369","17.93681625","18.06831882","18.19982139","18.33132396","18.46282652","18.59432909","18.72583166","18.85733423","18.98883679","19.12033936","19.75440947","20.38847957","21.02254968","21.65661978","22.29068989","22.37374414","22.45679839","22.53583389","22.6229069","22.70596115","22.06653271","21.43782094","20.80375084","20.16968073","19.53561063","19.53561063","19.53561063","19.53561063","19.53561063","19.53561063","19.53561063","19.53561063","","","",
"Korea, Dem. People's Rep.","PRK","Level of water stress: freshwater withdrawal as a proportion of available freshwater resources","ER.H2O.FWST.ZS","","","","","","","","","","","","","","","","","","","","","","","","","","","","","","","","","","","","","","","","","27.41300865","27.47850048","27.54399231","27.60948414","27.67497597","27.7404678","27.7404678","27.7404678","27.7404678","27.7404678","27.7404678","27.7404678","27.7404678","27.7404678","27.7404678","27.7404678","27.7404678","27.7404678","27.7404678","27.7404678","27.7404678","27.7404678","27.7404678","","","",
"Portugal","PRT","Level of water stress: freshwater withdrawal as a proportion of available freshwater resources","ER.H2O.FWST.ZS","","","","","","","","","","","","","","","","","","","","","","","","","","","","","","","","17.27627085","20.23339744","23.19052403","26.14765062","25.82301444","24.67257958","23.52214472","22.37170987","21.90282004","21.42790249","20.95901266","20.49012284","20.02123301","19.55234318","19.08345336","18.20131976","18.37653205","18.24249325","18.10845445","17.97441565","17.84037684","17.70633804","17.57229924","17.43826044","17.30422164","17.17018284","12.37988748","12.31571228","12.31571228","12.31571228","12.31571228","12.31571228","","","",
"Paraguay","PRY","Level of water stress: freshwater withdrawal as a proportion of available freshwater resources","ER.H2O.FWST.ZS","","","","","","","","","","","","","","","","","","","","","","","","","","","","0.327070815","0.330581414","0.334092013","0.337602612","0.341113211","0.34462381","0.348134409","0.351645008","0.355155607","0.358666206","0.362176806","0.365687405","0.369198004","0.372708603","0.499722255","0.626735907","0.753749559","0.880763211","1.007776864","1.134790516","1.261804168","1.38881782","1.504992497","1.621167175","1.713508785","1.835399711","1.835399711","1.835399711","1.835399711","1.835399711","1.835399711","1.835399711","1.835399711","1.835399711","1.835399711","1.835399711","","","",
"West Bank and Gaza","PSE","Level of water stress: freshwater withdrawal as a proportion of available freshwater resources","ER.H2O.FWST.ZS","","","","","","","","","","","","","","","","","","","","","","","","","","","","","","","","","","","","","","","","","40.0751200494","38.5750962773","46.1607949413","48.6259687158","54.3146484096","58.1942661532","56.2668188085","53.8567964627","51.4467741169","49.036751771","38.6250178291","38.0687491085","41.7344173442","43.1322207959","39.1527599487","41.5347311368","40.0228212808","41.0783055199","42.7471116816","47.0118385394","50.2638710598","47.7535301669","","","","",
"Pacific island small states","PSS","Level of water stress: freshwater withdrawal as a proportion of available freshwater resources","ER.H2O.FWST.ZS","","","","","","","","","","","","","","","","","","","","","","","","","","","","","","","","","","","","","","","","","","","","","","","","","","","","","","","","","","","","","","","","","","",
"Post-demographic dividend","PST","Level of water stress: freshwater withdrawal as a proportion of available freshwater resources","ER.H2O.FWST.ZS","","","","","","","","","","","","","","","","","","","","","","","","","","","","","","","","","","","","","","","","","","","","","","","","","","","","","","","","","","","","","","","","","","",
"French Polynesia","PYF","Level of water stress: freshwater withdrawal as a proportion of available freshwater resources","ER.H2O.FWST.ZS","","","","","","","","","","","","","","","","","","","","","","","","","","","","","","","","","","","","","","","","","","","","","","","","","","","","","","","","","","","","","","","","","","",
"Qatar","QAT","Level of water stress: freshwater withdrawal as a proportion of available freshwater resources","ER.H2O.FWST.ZS","","","","","","","","","","","","","","","","258.6206897","270.862069","283.1034483","295.3448276","307.5862069","319.8275862","332.0689655","344.3103448","356.5517241","368.7931034","381.0344828","393.2758621","405.5172414","417.7586207","430","330.1724138","327.7586207","325.3448276","322.9310345","277.0689655","277.9885057","278.908046","279.8275862","280.7471264","281.6666667","282.5862069","300.8965517","321.9655172","341.6551724","361.3448276","374.137931","381.2931034","388.4482759","395.6034483","402.7586207","409.9137931","417.0689655","424.2241379","431.3793103","434.6551724","431.0344828","432.4137931","431.0344828","431.0344828","431.0344828","431.0344828","431.0344828","431.0344828","","","",
"Romania","ROU","Level of water stress: freshwater withdrawal as a proportion of available freshwater resources","ER.H2O.FWST.ZS","","","","","","","","","","","8.97856006","9.879224792","10.77988952","11.68055426","12.58121899","13.48188372","14.30577661","15.12966951","15.9535624","16.77745529","17.60134819","17.91967044","18.2379927","18.55631495","18.87463721","19.19295946","19.17610711","19.15925475","19.1424024","19.12555004","19.10869769","18.96201979","18.81534188","18.66866398","16.82426739","14.9798708","13.32272259","11.66557438","11.94644696","11.84346035","9.034734575","8.480479356","8.634023032","7.965546297","6.669787473","5.720438161","4.99016946","6.445089411","6.759666698","6.437599476","5.822488531","6.171706769","6.068720157","6.008800674","5.881471772","6.052804045","5.967606029","6.341166557","6.00692819","6.547139781","6.924445277","7.362606498","7.63130793","","","",
"Russian Federation","RUS","Level of water stress: freshwater withdrawal as a proportion of available freshwater resources","ER.H2O.FWST.ZS","","","","","","","","","","","","","","","","","","","","","","","","","","","","","","","","","6.334084817","5.61863849","4.903192163","4.805649195","4.708106226","4.610563258","4.51302029","4.415477322","4.826877888","4.210004166","4.182446233","4.1548883","4.127330368","4.407149376","4.072214503","4.04465657","4.017098637","3.989540705","4.432587467","3.934424839","4.070094662","3.879308974","4.503178172","3.970886104","4.120334893","4.096168705","4.122242749","4.122242749","4.122242749","4.122242749","4.122242749","","","",
"Rwanda","RWA","Level of water stress: freshwater withdrawal as a proportion of available freshwater resources","ER.H2O.FWST.ZS","","","","","","","","","","","","","","","","","","","","","","","","","","","","","","","","","","","","","","","","","4.966887417","5.641024747","6.315162077","6.989299408","7.663436738","8.337574068","9.161143753","9.984713439","10.80828313","11.63185281","12.4554225","13.27899218","14.10256187","14.92613155","15.74970124","16.57327093","17.39684061","18.2204103","19.04397998","20.1986755","20.1986755","20.1986755","20.1986755","","","",
"South Asia","SAS","Level of water stress: freshwater withdrawal as a proportion of available freshwater resources","ER.H2O.FWST.ZS","","","","","","","","","","","","","","","","","","","","","","","","","","","","","","","","","","","","","","","","","","","","","","","","","","","","","","","","","","","","","","","","","","",
"Saudi Arabia","SAU","Level of water stress: freshwater withdrawal as a proportion of available freshwater resources","ER.H2O.FWST.ZS","","","","","","","","","","","","","","","","","","","","","","","","","","","","","","","","","671.6666667","690.396875","708.54375","728.0239583","746.2125","765.359375","783.88125","801.5697917","819.7583333","832.6442708","847.7802083","858.1661458","870.1354167","894.8203125","943.3333333","936.1284722","928.9236111","921.71875","914.5138889","907.3090278","900.1041667","894.2395833","894.7083333","948.875","929.5833333","955.9583333","974.1666667","974.1666667","974.1666667","974.1666667","974.1666667","","","",
"Sudan","SDN","Level of water stress: freshwater withdrawal as a proportion of available freshwater resources","ER.H2O.FWST.ZS","","","","","","","","","","","","","","","","","","","","","","","","","","","","","","","","","","","","","","","","","","","","","","","","","","","","","118.6563877","118.6563877","118.6563877","118.6563877","118.6563877","118.6563877","118.6563877","118.6563877","118.6563877","118.6563877","118.6563877","","","",
"Senegal","SEN","Level of water stress: freshwater withdrawal as a proportion of available freshwater resources","ER.H2O.FWST.ZS","","","","","","","","","","","","","","","","","","","","","","","","","","","","7.230196704","7.324234245","7.418271787","7.512309328","7.60634687","7.700384411","7.794421952","7.888459494","7.982497035","8.076534577","8.170572118","8.264609659","8.358647201","8.452684742","10.12998405","11.80728336","11.89718466","11.98708596","12.07698726","12.16688856","12.25678986","12.35101406","12.44163584","12.53225762","12.62287941","12.71350119","12.80412297","12.89474476","12.98536654","13.07598832","13.15580287","16.0861244","16.2764487","16.2764487","16.2764487","16.2764487","","","",
"Singapore","SGP","Level of water stress: freshwater withdrawal as a proportion of available freshwater resources","ER.H2O.FWST.ZS","","","","","","","","","","","","","","","","31.66666667","43.00375","54.34083333","65.67791667","77.015","88.35208333","99.68916667","111.02625","122.3633333","133.7004167","145.0375","156.3745833","167.7116667","179.04875","190.3858333","200.5229167","211.86","223.1970833","234.5341667","245.87125","257.2083333","268.5454167","279.8825","291.2195833","302.5566667","313.89375","328.2361667","338.24525","352.521","366.79675","377.5169444","346.2891389","315.0613333","284.45575","252.1835","219.91125","187.639","160.0334167","132.4278333","108.5055833","84.58333333","84.96666667","83.21666667","81.38333333","82.16666667","83.11666667","58.18594467","33.25522267","","","",
"Solomon Islands","SLB","Level of water stress: freshwater withdrawal as a proportion of available freshwater resources","ER.H2O.FWST.ZS","","","","","","","","","","","","","","","","","","","","","","","","","","","","","","","","","","","","","","","","","","","","","","","","","","","","","","","","","","","","","","","","","","",
"Sierra Leone","SLE","Level of water stress: freshwater withdrawal as a proportion of available freshwater resources","ER.H2O.FWST.ZS","","","","","","","","","","","","","","","","","","","","","","","","","","","","0.864485981","0.750470884","0.636455787","0.52244069","0.408425593","0.294410496","0.312778577","0.331146657","0.349514738","0.367882818","0.386250899","0.404618979","0.42298706","0.44135514","0.452242991","0.463130841","0.474018692","0.484906542","0.495794393","0.495794393","0.495794393","0.495794393","0.495794393","0.495794393","0.495794393","0.495794393","0.495794393","0.495794393","0.495794393","0.495794393","0.495794393","0.495794393","0.495794393","0.495794393","0.495794393","0.495794393","","","",
"El Salvador","SLV","Level of water stress: freshwater withdrawal as a proportion of available freshwater resources","ER.H2O.FWST.ZS","","","","","","","","","","","","","","","","","","","","","","","","","","","","","","","","","4.547099189","5.05154398","5.555988771","6.060433562","6.564878353","7.069323144","7.573767935","8.078212726","8.582657517","9.508671241","10.43468497","11.36069869","12.28621335","13.21272614","13.14686531","13.08100448","13.01514365","12.94928282","12.88342198","12.81756115","12.75170032","12.68583949","12.61997866","12.55411783","12.488257","12.42239617","12.35653534","12.29067451","12.22481368","12.15895285","12.09309202","","","",
"San Marino","SMR","Level of water stress: freshwater withdrawal as a proportion of available freshwater resources","ER.H2O.FWST.ZS","","","","","","","","","","","","","","","","","","","","","","","","","","","","","","","","","","","","","","","","","","","","","","","","","","","","","","","","","","","","","","","","","","",
"Somalia, Fed. Rep.","SOM","Level of water stress: freshwater withdrawal as a proportion of available freshwater resources","ER.H2O.FWST.ZS","","","","","","","","","","","","","","","","","","","","","","","","","","","","6.024096386","7.442819712","8.861543038","10.28026636","11.69898969","13.11771302","14.53643634","15.95515967","17.373883","18.79260632","20.21132965","21.63005298","23.0487763","24.46749963","24.48757995","24.50766027","24.52774059","24.52774059","24.52774059","24.52774059","24.52774059","24.52774059","24.52774059","24.52774059","24.52774059","24.52774059","24.52774059","24.52774059","24.52774059","24.52774059","24.52774059","24.52774059","24.52774059","24.52774059","24.52774059","24.52774059","","","",
"Serbia","SRB","Level of water stress: freshwater withdrawal as a proportion of available freshwater resources","ER.H2O.FWST.ZS","","","","","","","","","","","","","","","","","","","","","","","","","","","","","","","","","","","","","","","","","","","","","","","2.387577065","4.46049814","5.2868252","5.222585371","4.980277246","5.353319058","4.962245013","5.307111462","4.434802209","5.284571171","5.304181224","6.059957173","6.263383298","6.331567677","5.745520117","5.444607235","5.737631015","","","",
"Sub-Saharan Africa (excluding high income)","SSA","Level of water stress: freshwater withdrawal as a proportion of available freshwater resources","ER.H2O.FWST.ZS","","","","","","","","","","","","","","","","","","","","","","","","","","","","","","","","","","","","","","","","","","","","","","","","","","","","","","","","","","","","","","","","","","",
"South Sudan","SSD","Level of water stress: freshwater withdrawal as a proportion of available freshwater resources","ER.H2O.FWST.ZS","","","","","","","","","","","","","","","","","","","","","","","","","","","","","","","","","","","","","","","","","","","","","","","","","","","","","4.226075787","4.226075787","4.226075787","4.226075787","4.226075787","4.226075787","4.226075787","4.226075787","4.226075787","4.226075787","4.226075787","","","",
"Sub-Saharan Africa","SSF","Level of water stress: freshwater withdrawal as a proportion of available freshwater resources","ER.H2O.FWST.ZS","","","","","","","","","","","","","","","","","","","","","","","","","","","","","","","","","","","","","","","","","","","","","","","","","","","","","","","","","","","","","","","","","","",
"Small states","SST","Level of water stress: freshwater withdrawal as a proportion of available freshwater resources","ER.H2O.FWST.ZS","","","","","","","","","","","","","","","","","","","","","","","","","","","","","","","","","","","","","","","","","","","","","","","","","","","","","","","","","","","","","","","","","","",
"Sao Tome and Principe","STP","Level of water stress: freshwater withdrawal as a proportion of available freshwater resources","ER.H2O.FWST.ZS","","","","","","","","","","","","","","","","","","","","","","","","","","","","","","","","","","0.321100917","0.388711608","0.456322298","0.523932988","0.591543678","0.659154368","0.726765058","0.794375748","0.861986438","0.929597128","0.997207818","1.064818508","1.132429198","1.200039888","1.267650578","1.335261268","1.402871959","1.470482649","1.538093339","1.605704029","1.673314719","1.740925409","1.808536099","1.876146789","1.876146789","1.876146789","1.876146789","1.876146789","1.876146789","1.876146789","","","",
"Suriname","SUR","Level of water stress: freshwater withdrawal as a proportion of available freshwater resources","ER.H2O.FWST.ZS","","","","","","","","","","","","","","","","","","","","","","","","","","","","2.950609365","3.054226082","3.157842799","3.261459516","3.365076232","3.468692949","3.572309666","3.675926383","3.7795431","3.883159817","3.986776533","4.09039325","4.194009967","4.297626684","4.239790464","4.181954244","4.124118024","4.066281805","4.008445585","3.950609365","3.950609365","3.950609365","3.950609365","3.950609365","3.950609365","3.950609365","3.950609365","3.950609365","3.950609365","3.950609365","3.950609365","3.950609365","3.950609365","3.950609365","3.950609365","3.950609365","","","",
"Slovak Republic","SVK","Level of water stress: freshwater withdrawal as a proportion of available freshwater resources","ER.H2O.FWST.ZS","","","","","","","","","","","","","","","","","","","","","","","","","","","","","","","","","","3.137724551","2.952095808","2.766467066","2.690618763","5.636833047","5.438181297","5.239529547","5.040877797","4.875","4.709122203","4.440189329","4.171256454","3.90232358","3.431153184","2.959982788","2.855851979","2.702667814","2.584767642","2.552065405","2.862736661","2.742685026","2.406626506","2.468158348","2.389414802","2.393717728","2.394578313","2.403614458","2.388123924","2.436631239","2.425230293","","","",
"Slovenia","SVN","Level of water stress: freshwater withdrawal as a proportion of available freshwater resources","ER.H2O.FWST.ZS","","","","","","","","","","","","","","","","","","","","","","","","","","","","","","","","","","","","","","","","","","","6.079783638","6.134775749","6.189767861","6.244759973","6.284651792","6.324543611","7.031778229","6.373901285","6.257606491","5.749154834","6.274509804","7.813387424","6.628127113","6.064908722","5.999323868","6.29749831","6.497633536","6.382691007","6.781609195","6.29479378","5.591615957","","","",
"Sweden","SWE","Level of water stress: freshwater withdrawal as a proportion of available freshwater resources","ER.H2O.FWST.ZS","","","","","","","","","","","5.877344877","5.895238095","5.913131313","5.931024531","5.948917749","5.966810967","5.958441558","5.95007215","5.941702742","5.933333333","5.924963925","5.597113997","5.269264069","4.941414141","4.613564214","4.285714286","4.286796537","4.287878788","4.288961039","4.29004329","4.282828283","4.286435786","4.29004329","4.170755171","4.051467052","3.932178932","3.922077922","3.911976912","3.900913901","3.88985089","3.878787879","3.861471862","3.861471862","3.83982684","3.818181818","3.796536797","3.795815296","3.795093795","3.823472824","3.851851852","3.88023088","3.78961039","3.698989899","3.608369408","3.517748918","3.427128427","3.458297258","3.48946609","3.520634921","3.551803752","3.582972583","3.582972583","3.582972583","","","",
"Eswatini","SWZ","Level of water stress: freshwater withdrawal as a proportion of available freshwater resources","ER.H2O.FWST.ZS","","","","","","","","","","","","","","","","","","","","","47.7124183","49.11038489","50.50835149","51.90631808","53.30428468","54.70225127","56.10021786","57.49818446","58.89615105","60.29411765","61.69208424","63.09005084","64.48801743","65.88598402","67.28395062","68.68191721","70.07988381","71.4778504","72.87581699","74.27378359","75.67175018","76.04938272","76.42701525","76.80464779","77.18228032","77.55991285","77.55991285","77.55991285","77.55991285","77.55991285","77.55991285","77.55991285","77.55991285","77.55991285","77.55991285","77.55991285","77.55991285","77.55991285","77.55991285","77.55991285","77.55991285","77.55991285","77.55991285","","","",
"Sint Maarten (Dutch part)","SXM","Level of water stress: freshwater withdrawal as a proportion of available freshwater resources","ER.H2O.FWST.ZS","","","","","","","","","","","","","","","","","","","","","","","","","","","","","","","","","","","","","","","","","","","","","","","","","","","","","","","","","","","","","","","","","","",
"Seychelles","SYC","Level of water stress: freshwater withdrawal as a proportion of available freshwater resources","ER.H2O.FWST.ZS","","","","","","","","","","","","","","","","","","","","","","","","","","","","","","","","","","","","","","","","","","","","","","","","","","","","","","","","","","","","","","","","","","",
"Syrian Arab Republic","SYR","Level of water stress: freshwater withdrawal as a proportion of available freshwater resources","ER.H2O.FWST.ZS","","","","","","","","","","","","","","","","29.74441179","34.40892134","39.0734309","43.73794045","48.40245001","53.06695956","57.73146911","62.39597867","67.06048822","71.72499777","76.38950733","81.05401688","85.71852643","90.38303599","95.04754554","99.7120551","104.3765646","109.0410742","113.7055838","119.7702378","120.1531748","124.3565767","128.479829","132.8435301","130.8932229","134.2238846","138.5163416","145.6852792","128.6401282","125.6541099","125.9631312","125.9631312","125.9631312","125.9631312","125.5623831","125.1616351","124.760887","124.3601389","124.3601389","124.3601389","124.3601389","124.3601389","124.3601389","124.3601389","124.3601389","124.3601389","124.3601389","124.3601389","","","",
"Turks and Caicos Islands","TCA","Level of water stress: freshwater withdrawal as a proportion of available freshwater resources","ER.H2O.FWST.ZS","","","","","","","","","","","","","","","","","","","","","","","","","","","","","","","","","","","","","","","","","","","","","","","","","","","","","","","","","","","","","","","","","","",
"Chad","TCD","Level of water stress: freshwater withdrawal as a proportion of available freshwater resources","ER.H2O.FWST.ZS","","","","","","","","","","","","","","","","","","","","","","","","","","","","0.883789063","1.108513622","1.333238181","1.55796274","1.7826873","2.007411859","2.232136418","2.456860978","2.681585537","2.906310096","3.131034655","3.355759215","3.580483774","3.805208333","4.005533854","4.205859375","4.235546875","4.265234375","4.294921875","4.294921875","4.294921875","4.294921875","4.294921875","4.294921875","4.294921875","4.294921875","4.294921875","4.294921875","4.294921875","4.294921875","4.294921875","4.294921875","4.294921875","4.294921875","4.294921875","4.294921875","","","",
"East Asia & Pacific (IDA & IBRD countries)","TEA","Level of water stress: freshwater withdrawal as a proportion of available freshwater resources","ER.H2O.FWST.ZS","","","","","","","","","","","","","","","","","","","","","","","","","","","","","","","","","","","","","","","","","","","","","","","","","","","","","","","","","","","","","","","","","","",
"Europe & Central Asia (IDA & IBRD countries)","TEC","Level of water stress: freshwater withdrawal as a proportion of available freshwater resources","ER.H2O.FWST.ZS","","","","","","","","","","","","","","","","","","","","","","","","","","","","","","","","","","","","","","","","","","","","","","","","","","","","","","","","","","","","","","","","","","",
"Togo","TGO","Level of water stress: freshwater withdrawal as a proportion of available freshwater resources","ER.H2O.FWST.ZS","","","","","","","","","","","","","","","","","","","","","","","","","","","","1.384030418","1.476065126","1.568099834","1.660134542","1.75216925","1.844203958","1.936238666","2.028273374","2.120308082","2.21234279","2.304377498","2.396412206","2.488446914","2.580481622","2.575411914","2.570342205","2.844106464","3.117870722","3.391634981","3.391634981","3.391634981","3.391634981","3.391634981","3.391634981","3.391634981","3.391634981","3.391634981","3.391634981","3.391634981","3.391634981","3.391634981","3.391634981","3.391634981","3.391634981","3.391634981","3.391634981","","","",
"Thailand","THA","Level of water stress: freshwater withdrawal as a proportion of available freshwater resources","ER.H2O.FWST.ZS","","","","","","","","","","","","","","","","","","","","","","","","","","","","","","","","","","","","","","","","","","","","","","","","23.01393518","23.01393518","23.01393518","23.01393518","23.01393518","23.01393518","23.01393518","23.01393518","23.01393518","23.01393518","23.01393518","23.01393518","23.01393518","23.01393518","23.01393518","23.01393518","","","",
"Tajikistan","TJK","Level of water stress: freshwater withdrawal as a proportion of available freshwater resources","ER.H2O.FWST.ZS","","","","","","","","","","","","","","","","","","","","","","","","","","","","","","","","","","","75.99947223","76.86700092","77.73452962","78.60205832","79.46958702","80.33711571","81.20464441","79.97954875","78.75445309","77.52935744","76.30426178","75.07916612","73.85407046","73.28598027","72.71789008","72.14979989","71.58170969","71.0136195","70.44552931","69.87743912","69.30934893","68.74125874","57.7186964","52.69824515","64.48080222","69.94326428","69.94326428","69.94326428","69.94326428","","","",
"Turkmenistan","TKM","Level of water stress: freshwater withdrawal as a proportion of available freshwater resources","ER.H2O.FWST.ZS","","","","","","","","","","","","","","","","","","","","","","","","","","","","","","","","","","","122.0917053","123.0612227","124.0307402","125.0002576","125.969775","126.9392925","127.9088099","130.9362871","133.9637644","136.9912416","143.5600206","143.5600206","143.5600206","143.6902112","143.8204019","143.9505925","144.0807831","144.2109737","144.3411643","144.471355","144.6015456","144.7317362","144.8619268","148.6666667","138.4853168","142.7516744","135.2138073","135.2138073","135.2138073","","","",
"Latin America & the Caribbean (IDA & IBRD countries)","TLA","Level of water stress: freshwater withdrawal as a proportion of available freshwater resources","ER.H2O.FWST.ZS","","","","","","","","","","","","","","","","","","","","","","","","","","","","","","","","","","","","","","","","","","","","","","","","","","","","","","","","","","","","","","","","","","",
"Timor-Leste","TLS","Level of water stress: freshwater withdrawal as a proportion of available freshwater resources","ER.H2O.FWST.ZS","","","","","","","","","","","","","","","","","","","","","","","","","","","","","","","","","","","","","","","","","","","","","28.26821032","28.26821032","28.26821032","28.26821032","28.26821032","28.26821032","28.26821032","28.26821032","28.26821032","28.26821032","28.26821032","28.26821032","28.26821032","28.26821032","28.26821032","28.26821032","28.26821032","28.26821032","28.26821032","","","",
"Middle East, North Africa, Afghanistan & Pakistan (IDA & IBRD)","TMN","Level of water stress: freshwater withdrawal as a proportion of available freshwater resources","ER.H2O.FWST.ZS","","","","","","","","","","","","","","","","","","","","","","","","","","","","","","","","","","","","","","","","","","","","","","","","","","","","","","","","","","","","","","","","","","",
"Tonga","TON","Level of water stress: freshwater withdrawal as a proportion of available freshwater resources","ER.H2O.FWST.ZS","","","","","","","","","","","","","","","","","","","","","","","","","","","","","","","","","","","","","","","","","","","","","","","","","","","","","","","","","","","","","","","","","","",
"South Asia (IDA & IBRD)","TSA","Level of water stress: freshwater withdrawal as a proportion of available freshwater resources","ER.H2O.FWST.ZS","","","","","","","","","","","","","","","","","","","","","","","","","","","","","","","","","","","","","","","","","","","","","","","","","","","","","","","","","","","","","","","","","","",
"Sub-Saharan Africa (IDA & IBRD countries)","TSS","Level of water stress: freshwater withdrawal as a proportion of available freshwater resources","ER.H2O.FWST.ZS","","","","","","","","","","","","","","","","","","","","","","","","","","","","","","","","","","","","","","","","","","","","","","","","","","","","","","","","","","","","","","","","","","",
"Trinidad and Tobago","TTO","Level of water stress: freshwater withdrawal as a proportion of available freshwater resources","ER.H2O.FWST.ZS","","","","","","","","","","","","","","","","","","","","","","","","","","","","","","","","","","","","","","17.95646917","18.29907295","18.64167674","18.98428053","19.35912938","19.73397823","20.10882709","20.48367594","18.68198307","18.9560661","19.23014913","19.50423216","19.7783152","20.05239823","20.32648126","20.32648126","20.32648126","20.32648126","20.32648126","20.32648126","20.32648126","20.32648126","20.32648126","20.32648126","20.32648126","20.32648126","","","",
"Tunisia","TUN","Level of water stress: freshwater withdrawal as a proportion of available freshwater resources","ER.H2O.FWST.ZS","","","","","","","","","","","","","","","","27.16908311","31.38409974","35.59911637","39.814133","44.02914963","48.24416626","50.27549958","52.3068329","54.33816621","56.36949953","58.40083285","62.33654115","66.27224945","70.20795775","74.14366605","77.87624102","76.76916436","75.6620877","74.55501105","73.44793439","72.34085773","71.21346774","70.08607775","68.95868776","67.83129777","66.01833278","71.32519107","71.70606607","72.08694107","72.46781606","72.84869106","73.22956606","73.61044105","73.99131605","76.55587436","79.12043267","81.68499099","84.26986263","86.85473428","89.43960592","92.02447757","94.60934921","89.53101592","95.9987812","96.31059086","98.11339918","98.11339918","98.11339918","","","",
"Turkiye","TUR","Level of water stress: freshwater withdrawal as a proportion of available freshwater resources","ER.H2O.FWST.ZS","","","","","","","","","","","","","","","","","","","","","","","","","","","","","","","","","23.47136597","23.97260746","24.47384896","24.97509046","25.47633196","25.97757346","26.47881495","26.98005645","31.19661294","30.40865087","29.6206888","28.83272673","29.3679591","29.90319146","30.43842383","30.80266285","31.16690188","33.52150338","34.88078437","36.19921266","37.51764094","38.05986779","38.60209463","39.89452574","44.27690708","43.66707643","45.37887544","46.30158211","46.12809923","43.37814752","47.88653346","","","",
"Tuvalu","TUV","Level of water stress: freshwater withdrawal as a proportion of available freshwater resources","ER.H2O.FWST.ZS","","","","","","","","","","","","","","","","","","","","","","","","","","","","","","","","","","","","","","","","","","","","","","","","","","","","","","","","","","","","","","","","","","",
"Tanzania","TZA","Level of water stress: freshwater withdrawal as a proportion of available freshwater resources","ER.H2O.FWST.ZS","","","","","","","","","","","","","","","","","","","","","","","","","","","","","","","","","","","3.714053513","4.870201926","6.026350338","7.18249875","8.338647162","9.494795574","10.65094399","11.8070924","12.96324081","12.96324081","12.96324081","12.96324081","12.96324081","12.96324081","12.96324081","12.96324081","12.96324081","12.96324081","12.96324081","12.96324081","12.96324081","12.96324081","12.96324081","12.96324081","12.96324081","12.96324081","12.96324081","12.96324081","12.96324081","","","",
"Uganda","UGA","Level of water stress: freshwater withdrawal as a proportion of available freshwater resources","ER.H2O.FWST.ZS","","","","","","","","","","","1.829826167","1.869350412","1.908874657","1.948398902","1.987923147","2.027447393","2.066971638","2.106495883","2.146020128","2.185544373","2.225068619","2.264592864","2.304117109","2.343641354","2.383165599","2.422689845","2.46221409","2.501738335","2.54126258","2.580786825","2.62031107","2.659835316","2.699359561","2.738883806","2.778408051","2.817932296","2.857456542","2.896980787","2.936505032","2.976029277","3.015553522","3.161710888","3.307868253","3.727889601","4.147910949","4.567932296","4.987953644","5.407974992","5.82799634","5.82799634","5.82799634","5.82799634","5.82799634","5.82799634","5.82799634","5.82799634","5.82799634","5.82799634","5.82799634","5.82799634","5.82799634","5.82799634","5.82799634","","","",
"Ukraine","UKR","Level of water stress: freshwater withdrawal as a proportion of available freshwater resources","ER.H2O.FWST.ZS","","","","","","","","","","","","","","","","","","","","","","","","","","","","","","","","","33.6874838","32.43975123","31.18942731","29.93910339","28.68877948","27.43845556","26.18813164","24.93780772","23.68489246","22.85851257","22.02954133","21.2005701","20.37159886","19.53874061","19.48121275","19.41953874","19.358383","19.29696813","19.24073594","17.96093548","16.68113501","15.40133454","14.12153408","11.80228038","12.08214563","13.87017362","13.87017362","13.72894532","12.25576574","10.84102099","6.298134232","","","",
"Upper middle income","UMC","Level of water stress: freshwater withdrawal as a proportion of available freshwater resources","ER.H2O.FWST.ZS","","","","","","","","","","","","","","","","","","","","","","","","","","","","","","","","","","","","","","","","","","","","","","","","","","","","","","","","","","","","","","","","","","",
"Uruguay","URY","Level of water stress: freshwater withdrawal as a proportion of available freshwater resources","ER.H2O.FWST.ZS","","","","","","1.737967914","1.967914439","2.197860963","2.427807487","2.657754011","2.887700535","3.117647059","3.347593583","3.577540107","3.807486631","4.037433155","4.267379679","4.497326203","4.727272727","4.957219251","5.187165775","5.4171123","5.647058824","5.877005348","6.106951872","6.336898396","6.56684492","6.796791444","7.026737968","7.256684492","7.486631016","7.71657754","7.946524064","8.176470588","8.406417112","8.636363636","8.86631016","9.096256685","9.326203209","9.556149733","9.786096257","9.87838994","9.970683624","10.06297731","10.15527099","10.24756468","10.33985836","10.43215204","10.52444573","10.61673941","10.70903309","10.80132678","10.89362046","10.98591414","11.07820783","11.17050151","11.2627952","11.35508888","11.44738256","11.53967625","11.63196993","11.81576149","12.05201437","","","",
"United States","USA","Level of water stress: freshwater withdrawal as a proportion of available freshwater resources","ER.H2O.FWST.ZS","","","","","","","","","","","","","","","","","","","","","32.80101394","32.46831432","32.1356147","31.80291508","31.47021546","31.13751584","30.80481622","30.4721166","30.13941698","29.80671736","29.47401774","29.5278834","29.58174905","29.6356147","29.68948035","29.74334601","29.79721166","29.85107731","29.90494297","29.95880862","30.01267427","30.07604563","30.13941698","30.20278834","30.2661597","30.32953105","29.57160963","28.81368821","28.05576679","27.29784537","26.53992395","26.86299113","27.1860583","27.50912548","27.83219265","28.15525982","28.15525982","28.15525982","28.15525982","28.15525982","28.15525982","28.15525982","28.15525982","","","",
"Uzbekistan","UZB","Level of water stress: freshwater withdrawal as a proportion of available freshwater resources","ER.H2O.FWST.ZS","","","","","","","","","","","","","","","","","","","","","","","","","","","","","","","","","","","154.1812446","153.9978423","153.81444","153.6310377","153.4476354","153.2642331","153.0808308","154.1152853","150.8316605","147.5480356","144.2644107","140.9807858","141.3950228","141.8092598","142.2234968","142.6377338","143.0519708","143.4662078","143.8804448","144.2946818","144.7089188","158.1273301","156.4468024","168.924577","160.3842845","151.843992","143.3897333","121.8812733","123.0283912","","","",
"St. Vincent and the Grenadines","VCT","Level of water stress: freshwater withdrawal as a proportion of available freshwater resources","ER.H2O.FWST.ZS","","","","","","","","","","","","","","","","","","","","","","","","","","","","","","","","","","","","10","9.95","9.9","9.85","9.8","9.75","9.7","9.417444444","9.334222222","9.251","9.5","9.3","9.1","8.9","8.7","8.5","8.3","8.1","7.9","7.9","7.9","7.9","7.9","7.9","7.9","7.9","7.9","7.9","","","",
"Venezuela, RB","VEN","Level of water stress: freshwater withdrawal as a proportion of available freshwater resources","ER.H2O.FWST.ZS","","","","","","","","","","","1.366666667","1.421765556","1.476864444","1.531963333","1.587062222","1.642161111","1.697606667","1.752763333","1.80792","1.862556667","1.917655556","1.972754444","2.028546667","2.083703333","2.13886","2.194016667","2.249173333","2.30433","2.359486667","2.414643333","2.468066667","2.523223333","2.57838","2.633941111","2.68904","2.744138889","2.799237778","2.854336667","2.909435556","2.964476667","3.019633333","3.681113333","4.342593333","4.755216978","5.383801077","6.012385176","6.58888185","7.540366667","7.540366667","7.540366667","7.540366667","7.540366667","7.540366667","7.540366667","7.540366667","7.540366667","7.540366667","7.540366667","7.540366667","7.540366667","7.540366667","7.540366667","7.540366667","","","",
"British Virgin Islands","VGB","Level of water stress: freshwater withdrawal as a proportion of available freshwater resources","ER.H2O.FWST.ZS","","","","","","","","","","","","","","","","","","","","","","","","","","","","","","","","","","","","","","","","","","","","","","","","","","","","","","","","","","","","","","","","","","",
"Virgin Islands (U.S.)","VIR","Level of water stress: freshwater withdrawal as a proportion of available freshwater resources","ER.H2O.FWST.ZS","","","","","","","","","","","","","","","","","","","","","","","","","","","","","","","","","","","","","","","","","","","","","","","","","","","","","","","","","","","","","","","","","","",
"Viet Nam","VNM","Level of water stress: freshwater withdrawal as a proportion of available freshwater resources","ER.H2O.FWST.ZS","","","","","","","","","","","","","","","","","","","","","8.385010631","8.713235294","9.041459958","9.369684621","9.697909284","10.02613395","10.30288802","10.5796421","10.85639617","11.13315025","11.40990432","11.85940822","12.30891212","12.75841602","13.20791992","13.65742381","14.10692771","14.55643161","15.00593551","15.4554394","15.9049433","16.35745925","16.80997519","17.22373317","17.67624911","18.13031538","18.13031538","18.13031538","18.13031538","18.13031538","18.13031538","18.13031538","18.13031538","18.13031538","18.13031538","18.13031538","18.13031538","18.13031538","18.13031538","18.13031538","18.13031538","18.13031538","18.13031538","","","",
"Vanuatu","VUT","Level of water stress: freshwater withdrawal as a proportion of available freshwater resources","ER.H2O.FWST.ZS","","","","","","","","","","","","","","","","","","","","","","","","","","","","","","","","","","","","","","","","","","","","","","","","","","","","","","","","","","","","","","","","","","",
"World","WLD","Level of water stress: freshwater withdrawal as a proportion of available freshwater resources","ER.H2O.FWST.ZS","","","","","","","","","","","","","","","","","","","","","","","","","","","","","","","","","","","","","","","","","","","","","","","","","","","","","","","","","","","","","","","","","","",
"Samoa","WSM","Level of water stress: freshwater withdrawal as a proportion of available freshwater resources","ER.H2O.FWST.ZS","","","","","","","","","","","","","","","","","","","","","","","","","","","","","","","","","","","","","","","","","","","","","","","","","","","","","","","","","","","","","","","","","","",
"Kosovo","XKX","Level of water stress: freshwater withdrawal as a proportion of available freshwater resources","ER.H2O.FWST.ZS","","","","","","","","","","","","","","","","","","","","","","","","","","","","","","","","","","","","","","","","","","","","","","","","","","","","","","","","","","","","","","","","","","",
"Yemen, Rep.","YEM","Level of water stress: freshwater withdrawal as a proportion of available freshwater resources","ER.H2O.FWST.ZS","","","","","","","","","","","","","","","","","","","","","","","","","","","","","","","139.1428571","141.3714286","143.6","145.8285714","148.0571429","150.2857143","152.5142857","154.7428571","156.9714286","159.2","161.1428571","162.8666667","164.5904762","166.3142857","168.0380952","169.7619048","169.7619048","169.7619048","169.7619048","169.7619048","169.7619048","169.7619048","169.7619048","169.7619048","169.7619048","169.7619048","169.7619048","169.7619048","169.7619048","169.7619048","169.7619048","169.7619048","169.7619048","","","",
"South Africa","ZAF","Level of water stress: freshwater withdrawal as a proportion of available freshwater resources","ER.H2O.FWST.ZS","","","","","","","","","","","","","","","","","","","","","","","","","","","","","","","42.5584374","42.29779059","42.03714377","41.77649696","41.51585014","41.25520333","41.18475825","41.11431316","41.04386808","40.97342299","40.77169388","41.45323776","42.13478164","42.81632553","43.49786941","44.17941329","44.86095717","45.54250105","46.22404493","46.90558881","47.58713269","48.26867657","48.95022045","45.74447646","52.74735831","59.75024015","60.96701889","62.05571566","62.88824848","64.04098623","65.03362152","66.89081012","67.59526097","","","",
"Zambia","ZMB","Level of water stress: freshwater withdrawal as a proportion of available freshwater resources","ER.H2O.FWST.ZS","","","","","","","","","","","","","","","","","","","","","","","","","","","","","","","","","3.151154401","3.114177489","3.077200577","3.046987735","3.016774892","2.986562049","2.956349206","2.926136364","2.895923521","2.865710678","2.835497836","2.835497836","2.835497836","2.835497836","2.835497836","2.835497836","2.835497836","2.835497836","2.835497836","2.835497836","2.835497836","2.835497836","2.835497836","2.835497836","2.835497836","2.835497836","2.835497836","2.835497836","2.835497836","2.835497836","2.835497836","","","",
"Zimbabwe","ZWE","Level of water stress: freshwater withdrawal as a proportion of available freshwater resources","ER.H2O.FWST.ZS","","","","","","","","","","","","","","","","","","","","","","","","","","","","11.45324822","13.32144198","15.18963575","17.05782952","18.92602328","20.79421705","22.66241081","24.53060458","26.39879835","28.26699211","30.13518588","32.00337965","33.87157341","35.73976718","37.60796095","39.47615471","38.28389035","37.09162599","35.89936162","34.70709726","33.5148329","33.31029384","33.10575479","32.90121573","32.69667668","32.49213763","32.28759857","32.08305952","31.87852047","31.93766429","31.34622606","35.40538538","39.76966178","46.09162031","46.09162031","46.09162031","","","",
